usage_id,customer_id,usage_month,data_usage_mb,call_minutes,sms_count
USG00001,CUST0084,2024-08,11060.9,260.5,21
USG00002,CUST0162,2024-07,13553.9,264.8,20
USG00003,CUST0053,2024-05,8165.1,25.4,29
USG00004,CUST0228,2024-05,13422.8,379.4,27
USG00005,CUST0308,2024-03,6458.3,132.4,30
USG00006,CUST0008,2024-04,8238.5,84.1,18
USG00007,CUST0436,2024-07,13927.7,181.9,22
USG00008,CUST0255,2024-12,7344.2,85.4,25
USG00009,CUST0454,2024-04,12905.7,258.9,22
USG00010,CUST0406,2024-09,14411.4,31.6,29
USG00011,CUST0227,2024-10,11468.6,140.6,27
USG00012,CUST0048,2024-06,6401.6,182.8,21
USG00013,CUST0254,2024-08,2244.0,53.2,20
USG00014,CUST0144,2024-01,17410.6,125.3,25
USG00015,CUST0050,2024-11,10264.4,114.6,18
USG00016,CUST0444,2024-08,7481.1,102.4,24
USG00017,CUST0476,2024-04,6283.7,133.1,25
USG00018,CUST0087,2024-07,7368.0,105.5,30
USG00019,CUST0280,2024-01,3805.9,168.4,19
USG00020,CUST0120,2024-03,6150.6,255.6,24
USG00021,CUST0465,2024-09,15524.9,111.4,20
USG00022,CUST0035,2024-06,11805.5,40.8,17
USG00023,CUST0360,2024-03,14235.2,105.9,20
USG00024,CUST0476,2024-05,9687.6,80.6,20
USG00025,CUST0055,2024-09,10863.7,57.2,27
USG00026,CUST0227,2024-07,1700.9,145.4,24
USG00027,CUST0141,2024-05,7020.4,132.5,16
USG00028,CUST0290,2024-12,11581.9,107.6,29
USG00029,CUST0332,2024-01,3832.2,210.3,24
USG00030,CUST0171,2024-05,4889.7,47.4,26
USG00031,CUST0079,2024-08,16657.7,76.7,24
USG00032,CUST0006,2024-08,15237.0,54.2,23
USG00033,CUST0182,2024-05,27850.1,56.5,27
USG00034,CUST0424,2024-06,6350.0,206.5,27
USG00035,CUST0139,2024-04,9934.6,71.5,18
USG00036,CUST0426,2024-05,11974.1,377.1,31
USG00037,CUST0367,2024-07,7028.1,155.3,18
USG00038,CUST0261,2024-02,4033.5,334.1,22
USG00039,CUST0364,2024-04,4040.1,310.2,22
USG00040,CUST0417,2024-06,11812.4,40.6,21
USG00041,CUST0011,2024-07,10199.0,75.6,35
USG00042,CUST0415,2024-10,12613.0,97.1,24
USG00043,CUST0014,2024-09,5665.2,349.1,22
USG00044,CUST0301,2024-09,12442.7,98.9,19
USG00045,CUST0258,2024-11,5123.3,18.4,14
USG00046,CUST0441,2024-02,5210.0,61.8,27
USG00047,CUST0050,2024-11,7205.2,81.6,24
USG00048,CUST0384,2024-08,10893.8,113.5,25
USG00049,CUST0415,2024-11,1627.2,227.6,19
USG00050,CUST0349,2024-07,2238.6,195.0,21
USG00051,CUST0254,2024-12,10746.4,30.5,23
USG00052,CUST0432,2024-05,11292.3,151.7,28
USG00053,CUST0373,2024-09,3847.8,104.4,18
USG00054,CUST0066,2024-04,6129.7,6.9,18
USG00055,CUST0221,2024-02,5635.3,146.1,27
USG00056,CUST0305,2024-06,14472.3,46.1,30
USG00057,CUST0325,2024-04,16117.8,127.4,28
USG00058,CUST0273,2024-07,1766.1,22.0,27
USG00059,CUST0189,2024-11,10909.8,71.1,18
USG00060,CUST0188,2024-12,6156.8,195.6,20
USG00061,CUST0245,2024-07,16375.5,130.7,31
USG00062,CUST0087,2024-06,10456.0,47.3,26
USG00063,CUST0185,2024-10,8001.1,75.2,19
USG00064,CUST0407,2024-07,6930.5,267.9,22
USG00065,CUST0301,2024-04,2750.1,79.7,16
USG00066,CUST0087,2024-12,4111.9,92.8,23
USG00067,CUST0465,2024-06,7727.0,154.3,20
USG00068,CUST0026,2024-02,5822.1,133.0,23
USG00069,CUST0203,2024-05,2640.7,96.0,27
USG00070,CUST0325,2024-06,13319.0,84.0,32
USG00071,CUST0189,2024-12,11408.5,234.8,26
USG00072,CUST0287,2024-09,8538.2,10.0,30
USG00073,CUST0028,2024-01,9571.6,85.6,29
USG00074,CUST0426,2024-03,14627.7,230.5,22
USG00075,CUST0487,2024-04,8230.9,135.6,18
USG00076,CUST0490,2024-09,8299.4,103.8,24
USG00077,CUST0222,2024-07,1268.2,182.7,22
USG00078,CUST0398,2024-10,14723.1,119.1,16
USG00079,CUST0449,2024-07,8234.7,97.5,12
USG00080,CUST0022,2024-08,5186.7,166.0,21
USG00081,CUST0120,2024-05,2510.6,157.0,28
USG00082,CUST0290,2024-12,13266.2,36.7,21
USG00083,CUST0068,2024-07,5817.4,137.1,15
USG00084,CUST0484,2024-12,2938.0,68.8,28
USG00085,CUST0213,2024-07,21015.3,206.7,24
USG00086,CUST0424,2024-06,4077.0,62.3,20
USG00087,CUST0212,2024-11,14897.0,77.4,30
USG00088,CUST0053,2024-09,9046.3,17.6,27
USG00089,CUST0212,2024-01,1512.5,43.1,24
USG00090,CUST0328,2024-11,12790.3,111.7,14
USG00091,CUST0293,2024-10,18487.5,229.3,24
USG00092,CUST0004,2024-09,12942.1,26.1,19
USG00093,CUST0196,2024-11,3833.9,81.3,21
USG00094,CUST0040,2024-06,11467.2,112.5,22
USG00095,CUST0214,2024-10,8637.3,145.1,35
USG00096,CUST0175,2024-10,422.3,116.5,27
USG00097,CUST0467,2024-04,9175.3,73.4,28
USG00098,CUST0345,2024-06,7020.5,59.2,20
USG00099,CUST0097,2024-01,6421.9,64.0,19
USG00100,CUST0254,2024-02,5285.1,215.5,28
USG00101,CUST0070,2024-10,5686.0,76.2,20
USG00102,CUST0311,2024-09,12685.2,46.4,34
USG00103,CUST0411,2024-04,9812.2,47.6,29
USG00104,CUST0261,2024-10,10818.7,220.1,25
USG00105,CUST0144,2024-05,3376.2,110.8,21
USG00106,CUST0320,2024-04,4931.6,119.9,23
USG00107,CUST0344,2024-05,4407.7,223.6,20
USG00108,CUST0081,2024-07,3175.1,62.1,23
USG00109,CUST0383,2024-10,4646.0,121.6,16
USG00110,CUST0334,2024-03,17512.4,97.1,25
USG00111,CUST0157,2024-02,13998.4,54.4,33
USG00112,CUST0379,2024-02,5534.6,95.2,33
USG00113,CUST0315,2024-12,9197.8,180.3,21
USG00114,CUST0192,2024-07,10402.7,348.5,29
USG00115,CUST0098,2024-01,9621.0,65.5,22
USG00116,CUST0130,2024-12,9591.2,137.4,31
USG00117,CUST0210,2024-08,8974.4,113.3,24
USG00118,CUST0437,2024-05,12691.3,37.6,25
USG00119,CUST0331,2024-04,13871.9,149.5,27
USG00120,CUST0362,2024-12,3979.8,158.2,20
USG00121,CUST0475,2024-09,7158.1,75.1,23
USG00122,CUST0009,2024-02,6625.5,108.6,25
USG00123,CUST0412,2024-12,3921.7,45.2,24
USG00124,CUST0231,2024-07,6262.9,369.7,28
USG00125,CUST0050,2024-10,3794.5,319.4,32
USG00126,CUST0221,2024-03,6239.1,40.8,23
USG00127,CUST0038,2024-09,9397.9,168.7,31
USG00128,CUST0493,2024-02,6944.7,147.6,31
USG00129,CUST0445,2024-08,1891.6,57.9,15
USG00130,CUST0392,2024-03,4413.2,129.1,28
USG00131,CUST0229,2024-03,4073.8,126.6,31
USG00132,CUST0236,2024-06,10209.6,323.9,17
USG00133,CUST0161,2024-06,13266.2,136.2,34
USG00134,CUST0197,2024-04,14190.2,116.7,23
USG00135,CUST0162,2024-09,1762.1,152.1,17
USG00136,CUST0353,2024-05,2669.0,184.8,15
USG00137,CUST0384,2024-06,10647.9,70.1,19
USG00138,CUST0416,2024-07,8885.7,359.4,33
USG00139,CUST0097,2024-09,5523.2,320.5,24
USG00140,CUST0306,2024-05,3091.2,151.8,21
USG00141,CUST0327,2024-05,8136.6,181.2,25
USG00142,CUST0134,2024-10,6873.6,160.8,38
USG00143,CUST0308,2024-06,15561.6,52.8,20
USG00144,CUST0287,2024-08,16099.9,220.5,26
USG00145,CUST0265,2024-05,7459.8,166.8,28
USG00146,CUST0482,2024-12,6971.3,127.3,18
USG00147,CUST0155,2024-05,3474.2,330.0,26
USG00148,CUST0230,2024-04,7825.9,56.9,23
USG00149,CUST0425,2024-05,10919.9,64.1,27
USG00150,CUST0091,2024-03,8792.1,27.0,28
USG00151,CUST0402,2024-05,11544.1,23.9,21
USG00152,CUST0300,2024-02,11451.0,101.3,21
USG00153,CUST0383,2024-07,2708.4,96.0,24
USG00154,CUST0299,2024-10,15178.2,72.0,20
USG00155,CUST0234,2024-12,9467.2,165.6,20
USG00156,CUST0221,2024-03,14060.7,235.0,26
USG00157,CUST0050,2024-06,14794.6,152.2,23
USG00158,CUST0442,2024-04,4475.3,73.7,34
USG00159,CUST0158,2024-08,2639.5,63.5,19
USG00160,CUST0136,2024-04,6942.7,270.4,30
USG00161,CUST0013,2024-10,6507.7,26.7,27
USG00162,CUST0097,2024-09,6392.6,70.4,25
USG00163,CUST0182,2024-01,9039.8,165.0,27
USG00164,CUST0232,2024-08,10036.5,71.2,28
USG00165,CUST0381,2024-05,17038.6,144.4,30
USG00166,CUST0415,2024-03,12889.2,85.2,21
USG00167,CUST0442,2024-09,4963.5,97.0,17
USG00168,CUST0025,2024-02,8230.4,123.8,34
USG00169,CUST0480,2024-03,7117.3,89.1,27
USG00170,CUST0307,2024-09,12025.1,47.3,29
USG00171,CUST0356,2024-04,6218.9,169.4,30
USG00172,CUST0486,2024-01,9988.9,245.9,27
USG00173,CUST0400,2024-07,3808.6,383.0,17
USG00174,CUST0390,2024-02,7506.4,250.6,20
USG00175,CUST0341,2024-04,11628.2,133.8,26
USG00176,CUST0483,2024-05,4265.9,240.3,18
USG00177,CUST0091,2024-02,7228.7,390.5,21
USG00178,CUST0205,2024-08,8114.9,134.0,27
USG00179,CUST0018,2024-12,13393.2,96.1,22
USG00180,CUST0089,2024-01,2345.7,80.4,21
USG00181,CUST0408,2024-03,10325.9,111.3,20
USG00182,CUST0343,2024-03,11477.1,211.6,23
USG00183,CUST0074,2024-04,9897.3,51.1,23
USG00184,CUST0093,2024-10,5535.9,226.3,26
USG00185,CUST0053,2024-08,2675.3,185.8,30
USG00186,CUST0137,2024-09,15851.1,253.4,34
USG00187,CUST0412,2024-02,5334.1,89.6,29
USG00188,CUST0234,2024-08,8024.4,41.3,23
USG00189,CUST0145,2024-05,3450.5,52.4,20
USG00190,CUST0360,2024-07,8055.0,20.4,24
USG00191,CUST0011,2024-06,5095.4,129.5,28
USG00192,CUST0239,2024-11,6782.7,112.1,18
USG00193,CUST0076,2024-01,14217.0,153.4,26
USG00194,CUST0316,2024-10,9354.0,45.7,31
USG00195,CUST0192,2024-06,7538.3,100.1,9
USG00196,CUST0430,2024-03,4330.9,80.5,23
USG00197,CUST0189,2024-12,17572.3,102.6,23
USG00198,CUST0485,2024-07,4349.4,71.0,26
USG00199,CUST0246,2024-01,3212.2,115.2,21
USG00200,CUST0130,2024-12,6920.0,104.2,22
USG00201,CUST0225,2024-10,1837.6,27.2,18
USG00202,CUST0019,2024-11,10453.3,11.7,20
USG00203,CUST0088,2024-10,18710.7,210.7,16
USG00204,CUST0447,2024-08,10654.9,22.7,20
USG00205,CUST0325,2024-05,2643.3,111.1,21
USG00206,CUST0071,2024-11,11335.4,75.5,27
USG00207,CUST0280,2024-03,17588.4,74.1,26
USG00208,CUST0305,2024-02,6815.6,48.9,32
USG00209,CUST0301,2024-01,11512.5,75.2,35
USG00210,CUST0242,2024-01,10708.0,87.1,22
USG00211,CUST0177,2024-02,3650.8,26.4,27
USG00212,CUST0203,2024-11,15126.4,85.0,28
USG00213,CUST0046,2024-09,5677.8,56.7,21
USG00214,CUST0463,2024-03,7374.5,62.4,30
USG00215,CUST0317,2024-03,2126.9,264.0,30
USG00216,CUST0418,2024-05,13213.2,232.4,20
USG00217,CUST0456,2024-12,3104.1,93.5,23
USG00218,CUST0077,2024-11,3459.4,108.6,23
USG00219,CUST0433,2024-10,7457.5,22.7,23
USG00220,CUST0462,2024-08,7794.4,134.1,29
USG00221,CUST0025,2024-08,13328.6,43.3,30
USG00222,CUST0160,2024-05,5086.9,10.3,29
USG00223,CUST0027,2024-03,12100.9,17.4,24
USG00224,CUST0422,2024-03,17343.0,15.1,26
USG00225,CUST0391,2024-08,5983.6,134.4,27
USG00226,CUST0136,2024-12,8728.0,42.1,21
USG00227,CUST0162,2024-09,7612.9,258.3,31
USG00228,CUST0076,2024-07,9233.9,89.0,20
USG00229,CUST0412,2024-11,1891.0,148.1,28
USG00230,CUST0381,2024-10,1321.5,58.4,24
USG00231,CUST0089,2024-06,24321.6,119.4,25
USG00232,CUST0188,2024-12,4815.4,63.5,26
USG00233,CUST0029,2024-09,8609.5,23.0,24
USG00234,CUST0238,2024-10,10988.4,108.3,20
USG00235,CUST0332,2024-08,5541.4,112.6,24
USG00236,CUST0024,2024-11,10352.1,37.4,26
USG00237,CUST0286,2024-07,9823.4,193.6,25
USG00238,CUST0202,2024-09,10440.7,398.1,30
USG00239,CUST0349,2024-08,22317.6,89.6,25
USG00240,CUST0466,2024-01,3745.0,39.1,19
USG00241,CUST0313,2024-01,3091.1,71.4,24
USG00242,CUST0327,2024-10,8138.1,74.1,29
USG00243,CUST0294,2024-12,20060.8,151.7,28
USG00244,CUST0372,2024-09,6150.2,354.5,24
USG00245,CUST0054,2024-11,12469.3,220.0,23
USG00246,CUST0472,2024-10,1068.1,37.2,30
USG00247,CUST0040,2024-09,12172.4,225.1,20
USG00248,CUST0485,2024-09,4918.1,104.3,27
USG00249,CUST0487,2024-06,9803.7,63.9,36
USG00250,CUST0386,2024-05,8400.1,302.9,25
USG00251,CUST0035,2024-05,3445.1,127.8,27
USG00252,CUST0437,2024-06,8109.2,128.2,30
USG00253,CUST0402,2024-05,13692.7,83.6,25
USG00254,CUST0332,2024-08,3331.1,239.7,27
USG00255,CUST0040,2024-10,12858.6,181.0,15
USG00256,CUST0490,2024-08,4625.3,182.6,25
USG00257,CUST0345,2024-02,10069.0,35.3,29
USG00258,CUST0196,2024-01,5953.0,205.9,39
USG00259,CUST0144,2024-07,965.9,66.2,26
USG00260,CUST0433,2024-05,1980.7,27.7,23
USG00261,CUST0404,2024-09,10527.7,75.2,24
USG00262,CUST0068,2024-10,17403.4,48.8,31
USG00263,CUST0442,2024-06,30048.7,349.3,21
USG00264,CUST0316,2024-10,2076.6,32.9,25
USG00265,CUST0381,2024-11,9562.6,70.5,18
USG00266,CUST0389,2024-10,10623.0,23.5,17
USG00267,CUST0159,2024-02,9176.1,142.2,22
USG00268,CUST0366,2024-01,4074.4,124.5,27
USG00269,CUST0192,2024-05,12797.8,202.5,27
USG00270,CUST0368,2024-11,9150.9,364.9,36
USG00271,CUST0175,2024-08,13515.3,19.0,23
USG00272,CUST0146,2024-08,9850.9,154.0,23
USG00273,CUST0164,2024-10,20231.2,67.7,26
USG00274,CUST0495,2024-11,7426.3,101.1,26
USG00275,CUST0027,2024-06,5161.5,50.7,19
USG00276,CUST0245,2024-03,7045.4,186.8,36
USG00277,CUST0045,2024-12,8274.3,124.6,24
USG00278,CUST0341,2024-04,5163.8,186.2,22
USG00279,CUST0011,2024-09,10582.0,24.1,31
USG00280,CUST0344,2024-01,2932.7,64.7,19
USG00281,CUST0130,2024-09,4003.4,206.5,26
USG00282,CUST0061,2024-03,15883.1,135.3,28
USG00283,CUST0290,2024-10,14995.6,15.1,28
USG00284,CUST0467,2024-12,7660.8,98.9,27
USG00285,CUST0284,2024-10,6454.0,15.0,19
USG00286,CUST0345,2024-10,14124.8,126.4,28
USG00287,CUST0048,2024-12,5038.5,51.0,22
USG00288,CUST0447,2024-07,9765.8,137.2,24
USG00289,CUST0040,2024-09,13627.6,315.1,30
USG00290,CUST0044,2024-05,7040.9,146.1,16
USG00291,CUST0256,2024-10,4288.9,22.8,31
USG00292,CUST0369,2024-05,12005.2,180.2,22
USG00293,CUST0362,2024-06,9270.8,32.5,21
USG00294,CUST0315,2024-05,12075.6,77.3,29
USG00295,CUST0315,2024-01,7569.6,209.1,28
USG00296,CUST0078,2024-02,7906.3,57.3,16
USG00297,CUST0113,2024-03,4884.2,61.7,19
USG00298,CUST0325,2024-08,8038.4,72.1,30
USG00299,CUST0002,2024-04,16751.3,89.1,26
USG00300,CUST0097,2024-03,1824.2,71.8,18
USG00301,CUST0341,2024-07,10279.9,36.0,24
USG00302,CUST0015,2024-06,5364.6,76.9,17
USG00303,CUST0495,2024-01,10491.1,108.6,32
USG00304,CUST0498,2024-03,3337.8,173.6,15
USG00305,CUST0011,2024-11,13722.9,298.1,25
USG00306,CUST0489,2024-11,6169.8,41.4,23
USG00307,CUST0130,2024-02,16963.2,180.9,21
USG00308,CUST0426,2024-03,12502.9,147.8,22
USG00309,CUST0468,2024-10,3434.0,53.6,23
USG00310,CUST0145,2024-01,5505.6,48.6,15
USG00311,CUST0072,2024-10,9229.6,141.5,26
USG00312,CUST0118,2024-06,4547.5,34.6,40
USG00313,CUST0243,2024-03,6514.7,11.8,29
USG00314,CUST0076,2024-11,10116.7,203.6,30
USG00315,CUST0107,2024-06,18709.2,29.9,28
USG00316,CUST0106,2024-09,22319.8,108.5,34
USG00317,CUST0110,2024-06,5595.8,138.4,24
USG00318,CUST0308,2024-03,9635.3,20.3,27
USG00319,CUST0101,2024-04,4521.1,85.6,24
USG00320,CUST0018,2024-04,12377.4,216.7,28
USG00321,CUST0122,2024-08,5862.0,71.1,30
USG00322,CUST0366,2024-04,6915.7,76.3,26
USG00323,CUST0175,2024-12,7639.4,20.1,26
USG00324,CUST0405,2024-01,5328.3,136.8,27
USG00325,CUST0317,2024-08,12391.0,85.7,30
USG00326,CUST0190,2024-07,6099.6,73.3,36
USG00327,CUST0400,2024-04,11887.0,74.4,43
USG00328,CUST0406,2024-12,28514.8,124.1,31
USG00329,CUST0413,2024-02,13895.0,53.6,17
USG00330,CUST0109,2024-03,5558.9,224.6,28
USG00331,CUST0176,2024-10,3502.9,41.0,33
USG00332,CUST0166,2024-01,7812.3,145.1,33
USG00333,CUST0454,2024-02,3838.8,242.6,30
USG00334,CUST0485,2024-08,11961.4,260.3,28
USG00335,CUST0238,2024-07,12357.3,97.7,21
USG00336,CUST0192,2024-06,10588.8,76.3,31
USG00337,CUST0232,2024-02,11050.2,103.3,12
USG00338,CUST0107,2024-08,5552.9,37.1,33
USG00339,CUST0062,2024-10,9735.8,317.3,28
USG00340,CUST0111,2024-12,11342.1,94.0,19
USG00341,CUST0031,2024-01,3684.7,131.7,20
USG00342,CUST0407,2024-01,5442.4,593.8,27
USG00343,CUST0254,2024-11,6012.5,179.1,26
USG00344,CUST0068,2024-07,9046.7,7.3,27
USG00345,CUST0069,2024-05,15329.2,129.4,30
USG00346,CUST0311,2024-02,8204.4,153.8,26
USG00347,CUST0320,2024-10,17936.4,35.5,24
USG00348,CUST0053,2024-07,8774.7,84.2,21
USG00349,CUST0442,2024-09,2346.7,69.7,34
USG00350,CUST0495,2024-10,11671.2,154.9,30
USG00351,CUST0149,2024-11,4883.9,138.2,25
USG00352,CUST0415,2024-01,7696.3,507.4,29
USG00353,CUST0319,2024-06,1785.3,72.7,16
USG00354,CUST0325,2024-04,11655.0,65.5,31
USG00355,CUST0408,2024-12,13988.5,84.0,28
USG00356,CUST0389,2024-06,20177.9,406.0,21
USG00357,CUST0356,2024-02,3430.3,494.3,32
USG00358,CUST0342,2024-08,3578.0,46.5,25
USG00359,CUST0243,2024-03,7488.1,122.5,22
USG00360,CUST0048,2024-03,2887.6,91.6,32
USG00361,CUST0411,2024-10,3000.7,42.3,22
USG00362,CUST0490,2024-06,1386.6,293.4,25
USG00363,CUST0345,2024-08,13037.0,119.0,31
USG00364,CUST0223,2024-10,17531.1,333.1,16
USG00365,CUST0272,2024-10,4496.5,132.0,23
USG00366,CUST0303,2024-05,12741.1,106.8,23
USG00367,CUST0309,2024-02,2672.1,140.4,29
USG00368,CUST0415,2024-07,4213.6,167.0,34
USG00369,CUST0474,2024-05,4573.7,33.8,31
USG00370,CUST0045,2024-06,13635.9,57.5,26
USG00371,CUST0227,2024-05,8301.9,62.8,23
USG00372,CUST0472,2024-08,6451.1,3.3,27
USG00373,CUST0080,2024-07,2627.6,445.3,25
USG00374,CUST0384,2024-10,8118.4,102.5,21
USG00375,CUST0230,2024-03,11385.8,71.9,21
USG00376,CUST0486,2024-05,5469.9,195.2,32
USG00377,CUST0182,2024-06,6373.5,356.2,28
USG00378,CUST0395,2024-01,3917.3,120.0,22
USG00379,CUST0212,2024-10,8686.9,53.9,32
USG00380,CUST0464,2024-10,5385.9,45.4,21
USG00381,CUST0361,2024-12,6425.6,116.0,29
USG00382,CUST0047,2024-02,17339.1,22.3,29
USG00383,CUST0061,2024-07,10504.6,111.2,24
USG00384,CUST0024,2024-09,8949.5,275.0,23
USG00385,CUST0192,2024-10,10883.9,70.4,37
USG00386,CUST0061,2024-05,20165.1,34.8,30
USG00387,CUST0018,2024-10,7702.0,156.6,20
USG00388,CUST0009,2024-09,4658.6,124.5,19
USG00389,CUST0053,2024-10,12909.6,51.8,32
USG00390,CUST0229,2024-11,10711.1,71.6,25
USG00391,CUST0403,2024-06,9708.6,199.7,19
USG00392,CUST0293,2024-02,9936.3,58.8,25
USG00393,CUST0289,2024-02,5455.3,175.7,26
USG00394,CUST0087,2024-03,5691.2,100.5,29
USG00395,CUST0489,2024-08,10673.9,23.0,36
USG00396,CUST0244,2024-09,24711.7,55.4,27
USG00397,CUST0291,2024-10,9469.9,89.2,26
USG00398,CUST0404,2024-02,3485.0,144.9,21
USG00399,CUST0345,2024-05,10872.0,288.0,26
USG00400,CUST0483,2024-02,4772.1,13.7,26
USG00401,CUST0066,2024-01,8597.9,288.7,26
USG00402,CUST0319,2024-02,4020.7,93.4,26
USG00403,CUST0228,2024-01,7638.4,35.9,21
USG00404,CUST0475,2024-06,1669.2,116.1,28
USG00405,CUST0196,2024-06,2293.1,85.0,19
USG00406,CUST0048,2024-09,13931.5,388.1,26
USG00407,CUST0454,2024-10,5350.3,83.7,21
USG00408,CUST0335,2024-12,15996.8,176.5,27
USG00409,CUST0159,2024-07,9896.2,141.9,18
USG00410,CUST0455,2024-09,4600.0,389.2,32
USG00411,CUST0336,2024-09,5350.2,56.2,22
USG00412,CUST0459,2024-01,5829.0,75.6,23
USG00413,CUST0018,2024-11,5499.7,38.5,19
USG00414,CUST0106,2024-12,1720.4,140.1,37
USG00415,CUST0169,2024-12,8752.1,83.9,29
USG00416,CUST0315,2024-09,13370.2,115.4,26
USG00417,CUST0091,2024-02,6853.9,79.8,35
USG00418,CUST0456,2024-05,17811.7,123.3,26
USG00419,CUST0425,2024-06,8937.8,72.1,20
USG00420,CUST0390,2024-06,8211.8,46.5,31
USG00421,CUST0224,2024-11,14755.2,322.5,22
USG00422,CUST0332,2024-03,4479.1,170.2,27
USG00423,CUST0370,2024-09,2690.3,180.9,26
USG00424,CUST0176,2024-08,9378.4,155.3,23
USG00425,CUST0303,2024-06,19298.4,90.7,22
USG00426,CUST0315,2024-07,8031.3,58.1,28
USG00427,CUST0426,2024-03,3264.3,212.7,20
USG00428,CUST0216,2024-10,8081.1,47.4,20
USG00429,CUST0085,2024-07,1610.3,67.1,28
USG00430,CUST0007,2024-12,12905.2,31.3,23
USG00431,CUST0325,2024-02,28717.6,103.5,35
USG00432,CUST0071,2024-04,24656.1,65.4,28
USG00433,CUST0133,2024-08,6892.2,72.7,21
USG00434,CUST0318,2024-10,19159.7,70.4,29
USG00435,CUST0136,2024-06,14641.9,78.9,17
USG00436,CUST0402,2024-08,3294.3,68.9,25
USG00437,CUST0221,2024-05,10025.1,64.0,23
USG00438,CUST0403,2024-11,7583.0,337.0,22
USG00439,CUST0299,2024-02,4279.2,404.9,25
USG00440,CUST0124,2024-04,12642.4,175.0,30
USG00441,CUST0080,2024-06,8987.8,120.1,23
USG00442,CUST0145,2024-12,7645.5,155.5,23
USG00443,CUST0379,2024-04,16396.8,23.2,16
USG00444,CUST0229,2024-09,6566.3,64.0,29
USG00445,CUST0239,2024-05,8197.6,56.2,15
USG00446,CUST0155,2024-11,7474.5,103.6,18
USG00447,CUST0261,2024-01,13267.3,8.2,17
USG00448,CUST0027,2024-08,6902.2,20.0,22
USG00449,CUST0349,2024-05,4334.1,86.0,25
USG00450,CUST0319,2024-02,3709.4,38.6,21
USG00451,CUST0442,2024-10,6820.6,128.0,29
USG00452,CUST0143,2024-02,3599.0,128.2,30
USG00453,CUST0300,2024-06,8733.6,173.7,29
USG00454,CUST0171,2024-09,5402.3,106.3,23
USG00455,CUST0288,2024-01,9927.2,163.8,22
USG00456,CUST0356,2024-10,11333.9,18.6,23
USG00457,CUST0117,2024-02,5804.1,156.8,18
USG00458,CUST0322,2024-02,7425.6,82.9,22
USG00459,CUST0280,2024-09,6182.9,211.3,29
USG00460,CUST0144,2024-05,6188.5,62.3,21
USG00461,CUST0179,2024-07,1556.9,177.1,37
USG00462,CUST0495,2024-08,5147.2,159.0,15
USG00463,CUST0014,2024-08,6678.4,99.7,28
USG00464,CUST0182,2024-01,14937.7,7.8,29
USG00465,CUST0386,2024-09,11040.9,229.4,24
USG00466,CUST0369,2024-12,3538.0,72.7,22
USG00467,CUST0055,2024-06,1274.1,131.2,22
USG00468,CUST0154,2024-08,5666.6,40.3,31
USG00469,CUST0496,2024-06,13748.3,155.4,25
USG00470,CUST0182,2024-05,4947.1,84.9,28
USG00471,CUST0400,2024-10,4574.3,171.9,33
USG00472,CUST0025,2024-09,6071.6,40.1,21
USG00473,CUST0458,2024-04,9576.9,217.2,28
USG00474,CUST0195,2024-05,3013.6,153.5,28
USG00475,CUST0061,2024-11,5577.4,254.9,30
USG00476,CUST0293,2024-02,4803.2,24.1,26
USG00477,CUST0162,2024-11,6454.1,72.9,20
USG00478,CUST0047,2024-07,4068.1,57.7,19
USG00479,CUST0192,2024-04,16416.7,79.0,28
USG00480,CUST0433,2024-03,4198.5,12.9,20
USG00481,CUST0089,2024-09,14570.8,46.0,29
USG00482,CUST0068,2024-02,6026.9,131.8,26
USG00483,CUST0372,2024-01,16981.8,184.1,22
USG00484,CUST0185,2024-10,8645.1,48.1,25
USG00485,CUST0097,2024-01,18138.1,318.3,28
USG00486,CUST0144,2024-08,14410.1,101.8,24
USG00487,CUST0498,2024-11,11491.1,150.7,17
USG00488,CUST0467,2024-08,12003.1,267.9,19
USG00489,CUST0185,2024-02,8982.6,23.2,19
USG00490,CUST0418,2024-04,5669.8,135.5,26
USG00491,CUST0044,2024-03,4265.1,21.2,30
USG00492,CUST0475,2024-12,8895.2,72.4,26
USG00493,CUST0162,2024-05,8241.7,147.7,27
USG00494,CUST0146,2024-05,6879.6,54.8,31
USG00495,CUST0398,2024-11,10685.3,14.5,16
USG00496,CUST0171,2024-11,9883.1,159.0,23
USG00497,CUST0185,2024-07,12293.7,83.1,29
USG00498,CUST0497,2024-01,3527.1,58.3,24
USG00499,CUST0067,2024-08,15013.1,41.6,32
USG00500,CUST0218,2024-09,6856.3,47.2,21
USG00501,CUST0245,2024-07,4818.9,118.9,34
USG00502,CUST0096,2024-02,10031.8,106.1,24
USG00503,CUST0415,2024-09,7836.4,132.1,19
USG00504,CUST0083,2024-02,6126.9,47.1,21
USG00505,CUST0107,2024-10,7847.2,120.3,24
USG00506,CUST0365,2024-10,2479.8,56.5,31
USG00507,CUST0299,2024-05,9915.5,126.5,25
USG00508,CUST0185,2024-12,9239.0,226.0,33
USG00509,CUST0420,2024-12,3802.8,118.1,29
USG00510,CUST0420,2024-12,9256.5,106.4,20
USG00511,CUST0426,2024-12,4825.3,21.4,27
USG00512,CUST0009,2024-09,12956.7,77.0,29
USG00513,CUST0092,2024-01,4389.9,334.9,20
USG00514,CUST0429,2024-09,5167.0,54.2,32
USG00515,CUST0185,2024-08,12063.7,320.5,25
USG00516,CUST0442,2024-11,8420.2,169.5,27
USG00517,CUST0089,2024-09,5604.2,79.3,30
USG00518,CUST0456,2024-08,8696.7,53.4,21
USG00519,CUST0075,2024-01,1268.1,57.7,24
USG00520,CUST0160,2024-06,7025.4,131.1,26
USG00521,CUST0109,2024-11,4760.0,28.1,30
USG00522,CUST0467,2024-09,7080.1,141.4,26
USG00523,CUST0255,2024-10,6026.9,34.7,28
USG00524,CUST0166,2024-06,11311.5,176.4,28
USG00525,CUST0251,2024-04,4613.5,42.9,26
USG00526,CUST0096,2024-11,8418.2,322.2,24
USG00527,CUST0429,2024-08,17408.3,323.2,20
USG00528,CUST0128,2024-09,5520.9,126.3,21
USG00529,CUST0132,2024-12,4399.8,156.0,23
USG00530,CUST0313,2024-06,13212.8,112.8,19
USG00531,CUST0053,2024-09,12138.6,411.1,25
USG00532,CUST0290,2024-02,9116.1,19.1,20
USG00533,CUST0481,2024-03,5045.7,76.7,28
USG00534,CUST0473,2024-04,12565.3,352.2,37
USG00535,CUST0061,2024-02,6667.5,39.8,24
USG00536,CUST0394,2024-04,6640.6,376.4,28
USG00537,CUST0009,2024-01,20972.2,32.3,26
USG00538,CUST0466,2024-07,16867.2,38.9,17
USG00539,CUST0408,2024-08,7810.0,144.0,26
USG00540,CUST0017,2024-09,3913.7,172.3,28
USG00541,CUST0300,2024-06,4697.1,119.9,20
USG00542,CUST0254,2024-06,3395.7,49.1,23
USG00543,CUST0106,2024-08,2833.5,52.0,27
USG00544,CUST0345,2024-06,19856.3,115.4,28
USG00545,CUST0251,2024-05,14831.5,162.5,30
USG00546,CUST0070,2024-03,7118.8,173.0,13
USG00547,CUST0307,2024-05,4780.9,345.3,22
USG00548,CUST0260,2024-05,5841.0,140.3,28
USG00549,CUST0163,2024-06,14171.5,98.2,34
USG00550,CUST0498,2024-02,3615.2,75.1,22
USG00551,CUST0087,2024-04,5108.0,62.8,25
USG00552,CUST0261,2024-09,14156.8,323.9,22
USG00553,CUST0490,2024-07,12118.5,67.4,32
USG00554,CUST0476,2024-01,11277.4,106.9,23
USG00555,CUST0053,2024-06,10107.6,5.2,30
USG00556,CUST0318,2024-10,9552.1,26.3,22
USG00557,CUST0344,2024-04,7589.4,137.2,22
USG00558,CUST0185,2024-02,10492.2,138.6,22
USG00559,CUST0366,2024-06,2483.2,179.0,27
USG00560,CUST0443,2024-12,22928.7,62.5,26
USG00561,CUST0366,2024-11,7997.2,129.8,26
USG00562,CUST0131,2024-10,10655.2,172.6,18
USG00563,CUST0164,2024-09,4421.7,62.4,30
USG00564,CUST0053,2024-01,17491.1,278.3,23
USG00565,CUST0258,2024-06,4290.5,9.3,27
USG00566,CUST0467,2024-08,5339.9,131.6,24
USG00567,CUST0169,2024-06,12747.8,191.9,22
USG00568,CUST0301,2024-09,9925.6,112.2,24
USG00569,CUST0017,2024-04,4677.8,114.3,20
USG00570,CUST0448,2024-06,29497.2,54.5,23
USG00571,CUST0402,2024-02,8643.2,65.4,15
USG00572,CUST0452,2024-02,3993.7,242.9,25
USG00573,CUST0192,2024-10,14502.2,38.9,20
USG00574,CUST0231,2024-12,3864.4,87.5,29
USG00575,CUST0485,2024-03,6054.8,77.5,28
USG00576,CUST0075,2024-06,4669.4,135.3,28
USG00577,CUST0211,2024-06,6342.4,69.0,25
USG00578,CUST0211,2024-09,12151.7,445.1,21
USG00579,CUST0332,2024-02,6464.8,217.7,25
USG00580,CUST0454,2024-01,5876.8,162.2,30
USG00581,CUST0252,2024-03,2697.5,179.5,24
USG00582,CUST0416,2024-03,3174.2,84.9,27
USG00583,CUST0406,2024-06,13666.0,42.1,32
USG00584,CUST0475,2024-12,2958.7,144.6,15
USG00585,CUST0261,2024-09,6449.5,77.1,22
USG00586,CUST0281,2024-01,7196.5,198.9,19
USG00587,CUST0109,2024-11,7226.2,188.5,19
USG00588,CUST0313,2024-11,3347.0,235.0,29
USG00589,CUST0379,2024-05,3636.5,40.2,32
USG00590,CUST0207,2024-07,9972.0,152.1,17
USG00591,CUST0086,2024-03,4031.4,65.1,24
USG00592,CUST0313,2024-02,4072.3,204.6,28
USG00593,CUST0437,2024-05,7587.6,66.1,24
USG00594,CUST0180,2024-09,10554.6,213.2,26
USG00595,CUST0118,2024-09,17968.1,227.3,29
USG00596,CUST0415,2024-02,8273.7,40.6,27
USG00597,CUST0416,2024-06,4310.7,51.8,24
USG00598,CUST0281,2024-12,8135.5,17.1,30
USG00599,CUST0321,2024-10,3354.9,244.5,30
USG00600,CUST0010,2024-11,4349.1,74.8,31
USG00601,CUST0238,2024-04,7794.6,16.9,29
USG00602,CUST0109,2024-05,7731.5,112.2,27
USG00603,CUST0360,2024-04,4958.9,187.7,31
USG00604,CUST0408,2024-12,2579.1,96.5,24
USG00605,CUST0001,2024-06,2962.6,212.9,23
USG00606,CUST0069,2024-01,10403.8,107.6,15
USG00607,CUST0050,2024-10,4435.3,21.0,30
USG00608,CUST0033,2024-06,10775.1,161.6,22
USG00609,CUST0415,2024-01,11617.9,281.1,30
USG00610,CUST0106,2024-07,1065.0,27.8,28
USG00611,CUST0474,2024-06,3394.9,165.3,23
USG00612,CUST0145,2024-03,6319.6,26.3,26
USG00613,CUST0303,2024-04,17435.7,56.5,33
USG00614,CUST0381,2024-11,8409.4,77.1,26
USG00615,CUST0429,2024-09,13867.1,76.4,24
USG00616,CUST0182,2024-08,5295.0,69.5,32
USG00617,CUST0106,2024-11,8956.6,35.1,17
USG00618,CUST0415,2024-01,6196.4,109.7,19
USG00619,CUST0402,2024-01,11240.2,64.2,18
USG00620,CUST0366,2024-12,8262.5,71.2,26
USG00621,CUST0408,2024-04,6839.7,30.8,26
USG00622,CUST0231,2024-05,9055.5,54.2,26
USG00623,CUST0184,2024-11,8147.6,45.5,34
USG00624,CUST0331,2024-11,3177.9,88.3,32
USG00625,CUST0467,2024-08,4811.9,60.2,31
USG00626,CUST0076,2024-02,10151.5,74.7,22
USG00627,CUST0462,2024-08,6525.7,84.5,22
USG00628,CUST0053,2024-08,5480.5,135.0,26
USG00629,CUST0025,2024-01,16853.5,58.3,35
USG00630,CUST0081,2024-01,16336.3,58.8,22
USG00631,CUST0362,2024-07,10808.4,161.1,19
USG00632,CUST0090,2024-09,3816.6,85.2,19
USG00633,CUST0334,2024-07,8100.5,288.4,32
USG00634,CUST0022,2024-09,2121.6,69.5,27
USG00635,CUST0317,2024-01,4841.0,119.1,21
USG00636,CUST0092,2024-05,11573.5,112.9,15
USG00637,CUST0081,2024-05,5960.3,161.4,30
USG00638,CUST0232,2024-08,4622.5,115.7,17
USG00639,CUST0442,2024-08,8892.4,50.8,29
USG00640,CUST0255,2024-03,3801.7,75.0,28
USG00641,CUST0040,2024-06,14600.8,237.8,28
USG00642,CUST0086,2024-01,20187.5,131.2,29
USG00643,CUST0050,2024-08,11152.3,28.4,34
USG00644,CUST0083,2024-01,9120.2,34.5,28
USG00645,CUST0494,2024-04,4837.3,209.1,27
USG00646,CUST0467,2024-05,11213.2,180.9,29
USG00647,CUST0406,2024-10,4048.9,178.0,25
USG00648,CUST0055,2024-06,6820.1,55.2,31
USG00649,CUST0134,2024-12,6991.6,97.9,29
USG00650,CUST0141,2024-05,7754.4,42.2,22
USG00651,CUST0446,2024-06,8539.6,40.8,25
USG00652,CUST0060,2024-09,3679.3,81.0,24
USG00653,CUST0177,2024-10,6578.0,109.0,18
USG00654,CUST0223,2024-10,13392.1,54.5,23
USG00655,CUST0473,2024-02,10879.8,40.8,19
USG00656,CUST0393,2024-11,9611.6,115.4,19
USG00657,CUST0023,2024-10,7387.9,81.0,30
USG00658,CUST0069,2024-10,13843.3,71.2,25
USG00659,CUST0286,2024-11,13540.3,150.4,23
USG00660,CUST0485,2024-07,20563.4,216.8,17
USG00661,CUST0474,2024-05,6703.3,65.0,28
USG00662,CUST0048,2024-04,5027.9,67.6,28
USG00663,CUST0112,2024-04,6409.4,34.5,20
USG00664,CUST0439,2024-02,11010.5,86.6,27
USG00665,CUST0245,2024-07,4243.4,59.1,23
USG00666,CUST0095,2024-10,10881.2,95.9,25
USG00667,CUST0124,2024-01,6318.6,23.3,25
USG00668,CUST0387,2024-07,10960.6,70.8,24
USG00669,CUST0439,2024-12,10226.4,107.1,34
USG00670,CUST0473,2024-05,3352.6,69.0,25
USG00671,CUST0055,2024-05,5953.0,105.3,32
USG00672,CUST0436,2024-01,10167.0,160.8,24
USG00673,CUST0185,2024-12,5378.4,124.0,24
USG00674,CUST0442,2024-11,12404.0,48.2,28
USG00675,CUST0479,2024-03,10910.9,92.9,25
USG00676,CUST0325,2024-11,4637.2,26.1,21
USG00677,CUST0352,2024-04,10582.0,39.9,29
USG00678,CUST0002,2024-12,8170.9,29.2,24
USG00679,CUST0027,2024-05,16577.0,115.4,28
USG00680,CUST0173,2024-02,5884.1,32.5,17
USG00681,CUST0189,2024-05,14777.1,45.9,27
USG00682,CUST0406,2024-05,14355.0,429.5,19
USG00683,CUST0290,2024-03,2612.4,117.7,23
USG00684,CUST0140,2024-10,11056.0,403.0,32
USG00685,CUST0024,2024-01,13057.3,603.9,20
USG00686,CUST0372,2024-08,13507.4,64.7,23
USG00687,CUST0473,2024-12,4087.7,518.9,18
USG00688,CUST0473,2024-01,20773.6,226.1,20
USG00689,CUST0486,2024-09,5565.0,15.2,23
USG00690,CUST0076,2024-10,4893.9,13.2,32
USG00691,CUST0048,2024-10,8853.5,63.4,29
USG00692,CUST0204,2024-05,8908.2,128.1,22
USG00693,CUST0024,2024-05,14466.7,302.8,31
USG00694,CUST0011,2024-05,8835.2,223.8,26
USG00695,CUST0319,2024-03,5287.4,360.8,27
USG00696,CUST0386,2024-07,13737.2,216.8,32
USG00697,CUST0363,2024-12,1002.5,38.9,34
USG00698,CUST0149,2024-07,7308.1,168.6,20
USG00699,CUST0412,2024-05,5331.3,92.0,30
USG00700,CUST0245,2024-11,3880.7,105.9,27
USG00701,CUST0028,2024-01,12169.2,338.4,27
USG00702,CUST0087,2024-05,9602.4,39.3,22
USG00703,CUST0479,2024-03,3241.1,198.3,29
USG00704,CUST0202,2024-07,10190.9,76.8,17
USG00705,CUST0403,2024-01,7288.2,213.7,34
USG00706,CUST0160,2024-11,2493.1,101.6,19
USG00707,CUST0204,2024-05,8539.0,71.0,17
USG00708,CUST0294,2024-04,2766.7,49.1,27
USG00709,CUST0305,2024-02,5126.0,93.1,21
USG00710,CUST0154,2024-12,5439.6,134.9,21
USG00711,CUST0335,2024-03,6068.2,57.0,18
USG00712,CUST0089,2024-05,3018.8,39.6,33
USG00713,CUST0162,2024-08,15210.8,200.2,25
USG00714,CUST0058,2024-10,21553.1,79.8,26
USG00715,CUST0498,2024-02,17700.0,22.4,29
USG00716,CUST0063,2024-10,3772.6,69.5,29
USG00717,CUST0473,2024-01,3973.3,105.2,27
USG00718,CUST0202,2024-06,5530.2,67.1,26
USG00719,CUST0494,2024-06,8508.6,69.4,33
USG00720,CUST0048,2024-03,5845.7,304.1,23
USG00721,CUST0331,2024-03,28707.0,85.4,22
USG00722,CUST0436,2024-12,1990.6,81.2,18
USG00723,CUST0309,2024-08,15400.5,240.6,22
USG00724,CUST0306,2024-08,9964.5,66.9,20
USG00725,CUST0018,2024-07,3446.3,44.5,20
USG00726,CUST0409,2024-06,8129.3,72.8,35
USG00727,CUST0030,2024-05,4313.6,65.2,23
USG00728,CUST0143,2024-02,10532.3,49.0,26
USG00729,CUST0381,2024-05,9727.3,126.5,29
USG00730,CUST0479,2024-06,12756.8,77.1,22
USG00731,CUST0048,2024-02,6787.1,46.3,23
USG00732,CUST0211,2024-10,4956.6,51.4,23
USG00733,CUST0254,2024-12,11884.7,71.7,31
USG00734,CUST0495,2024-05,12320.9,149.3,26
USG00735,CUST0251,2024-04,12287.3,252.9,24
USG00736,CUST0196,2024-03,4486.1,59.3,17
USG00737,CUST0303,2024-11,12149.5,93.3,30
USG00738,CUST0494,2024-05,10783.6,84.1,29
USG00739,CUST0256,2024-06,3427.0,426.6,26
USG00740,CUST0273,2024-04,11080.5,69.7,35
USG00741,CUST0078,2024-08,9246.9,127.7,26
USG00742,CUST0076,2024-09,6291.0,53.1,28
USG00743,CUST0035,2024-04,16225.1,61.3,25
USG00744,CUST0386,2024-11,5090.5,61.9,30
USG00745,CUST0009,2024-12,10607.9,88.1,21
USG00746,CUST0162,2024-04,22421.4,95.2,20
USG00747,CUST0381,2024-04,14226.1,82.4,20
USG00748,CUST0157,2024-10,4621.3,185.8,27
USG00749,CUST0483,2024-05,4272.0,166.9,23
USG00750,CUST0068,2024-09,7930.6,30.7,22
USG00751,CUST0325,2024-01,350.5,253.6,23
USG00752,CUST0299,2024-05,4143.7,57.0,19
USG00753,CUST0008,2024-10,7627.6,41.6,25
USG00754,CUST0484,2024-02,7657.2,61.8,27
USG00755,CUST0313,2024-11,13047.9,89.0,27
USG00756,CUST0267,2024-12,13449.6,28.4,24
USG00757,CUST0159,2024-11,4154.7,98.7,22
USG00758,CUST0486,2024-01,8715.3,79.9,19
USG00759,CUST0313,2024-06,13517.7,229.5,22
USG00760,CUST0083,2024-04,13713.6,22.7,30
USG00761,CUST0389,2024-05,1702.0,157.0,21
USG00762,CUST0223,2024-03,5588.9,65.6,22
USG00763,CUST0265,2024-01,3820.1,23.6,25
USG00764,CUST0118,2024-06,15524.3,92.7,30
USG00765,CUST0074,2024-08,6706.6,125.7,31
USG00766,CUST0126,2024-01,7799.4,32.5,27
USG00767,CUST0092,2024-04,7217.6,39.4,21
USG00768,CUST0294,2024-06,5170.7,84.5,18
USG00769,CUST0017,2024-08,14083.4,78.1,21
USG00770,CUST0120,2024-01,19369.8,101.9,22
USG00771,CUST0219,2024-06,13124.4,118.0,31
USG00772,CUST0216,2024-04,4858.9,55.2,24
USG00773,CUST0035,2024-12,17649.8,51.4,22
USG00774,CUST0407,2024-01,10883.7,45.2,30
USG00775,CUST0064,2024-04,2613.4,224.3,28
USG00776,CUST0486,2024-05,8777.9,140.9,21
USG00777,CUST0307,2024-11,10518.3,103.0,22
USG00778,CUST0169,2024-11,5242.0,37.3,16
USG00779,CUST0325,2024-03,28055.6,246.0,22
USG00780,CUST0397,2024-04,11884.3,183.8,14
USG00781,CUST0149,2024-10,5617.7,137.8,26
USG00782,CUST0426,2024-07,5566.7,105.6,19
USG00783,CUST0398,2024-08,5835.6,83.2,28
USG00784,CUST0465,2024-10,5435.6,91.6,35
USG00785,CUST0188,2024-03,21562.1,81.5,32
USG00786,CUST0325,2024-02,7675.9,219.5,32
USG00787,CUST0158,2024-06,9323.0,30.4,31
USG00788,CUST0120,2024-01,13304.5,36.1,21
USG00789,CUST0266,2024-06,5117.0,91.5,27
USG00790,CUST0297,2024-03,6990.3,37.9,20
USG00791,CUST0297,2024-09,5796.9,137.1,27
USG00792,CUST0336,2024-12,9306.6,98.5,22
USG00793,CUST0122,2024-05,14389.3,249.8,26
USG00794,CUST0471,2024-04,13648.0,112.6,23
USG00795,CUST0024,2024-08,22289.9,120.4,34
USG00796,CUST0040,2024-03,18922.7,160.3,24
USG00797,CUST0358,2024-10,5548.0,102.3,28
USG00798,CUST0032,2024-10,3748.1,118.8,22
USG00799,CUST0479,2024-01,27633.5,118.5,32
USG00800,CUST0219,2024-06,16316.8,51.0,12
USG00801,CUST0040,2024-10,6790.2,58.1,32
USG00802,CUST0262,2024-01,2351.6,104.0,25
USG00803,CUST0140,2024-01,13288.3,70.0,24
USG00804,CUST0088,2024-11,10496.9,164.3,23
USG00805,CUST0370,2024-04,22963.0,154.1,27
USG00806,CUST0185,2024-08,12676.6,26.3,31
USG00807,CUST0332,2024-02,5560.9,88.1,26
USG00808,CUST0239,2024-06,10638.9,90.6,25
USG00809,CUST0420,2024-01,4764.7,144.2,32
USG00810,CUST0333,2024-05,3080.7,48.4,30
USG00811,CUST0256,2024-09,2644.3,59.8,19
USG00812,CUST0221,2024-06,9086.5,68.5,26
USG00813,CUST0333,2024-11,7086.3,27.1,23
USG00814,CUST0087,2024-02,6582.6,126.9,23
USG00815,CUST0157,2024-12,3598.7,17.0,27
USG00816,CUST0479,2024-12,9925.6,119.8,22
USG00817,CUST0404,2024-05,8874.5,117.1,16
USG00818,CUST0360,2024-01,9405.5,106.0,16
USG00819,CUST0398,2024-06,11494.7,116.0,26
USG00820,CUST0411,2024-05,3535.5,42.6,22
USG00821,CUST0274,2024-06,16558.5,116.2,27
USG00822,CUST0235,2024-07,15091.4,55.9,21
USG00823,CUST0498,2024-05,18350.5,20.8,25
USG00824,CUST0383,2024-04,10049.3,52.4,28
USG00825,CUST0106,2024-06,9024.3,129.8,26
USG00826,CUST0134,2024-06,8800.3,25.6,21
USG00827,CUST0080,2024-09,9325.3,101.4,28
USG00828,CUST0029,2024-05,10615.5,66.8,13
USG00829,CUST0383,2024-08,2702.5,166.4,26
USG00830,CUST0475,2024-11,6120.0,103.6,29
USG00831,CUST0480,2024-04,8384.2,173.6,20
USG00832,CUST0303,2024-01,8920.1,54.2,23
USG00833,CUST0145,2024-03,9331.1,40.7,33
USG00834,CUST0325,2024-05,5435.8,92.4,14
USG00835,CUST0487,2024-08,2804.4,197.2,24
USG00836,CUST0366,2024-01,4366.4,97.4,22
USG00837,CUST0238,2024-11,15828.5,328.9,22
USG00838,CUST0126,2024-06,5082.5,44.9,24
USG00839,CUST0367,2024-10,4232.0,72.0,24
USG00840,CUST0185,2024-06,7013.8,80.5,33
USG00841,CUST0055,2024-07,5815.7,72.8,30
USG00842,CUST0429,2024-05,2259.1,30.7,29
USG00843,CUST0075,2024-03,4627.2,224.5,33
USG00844,CUST0081,2024-08,5728.3,40.3,21
USG00845,CUST0054,2024-10,2671.7,206.2,27
USG00846,CUST0497,2024-08,11939.9,66.3,15
USG00847,CUST0011,2024-07,5509.2,16.1,16
USG00848,CUST0110,2024-03,6666.3,37.1,28
USG00849,CUST0071,2024-10,4288.4,120.2,31
USG00850,CUST0476,2024-03,4277.4,81.7,20
USG00851,CUST0481,2024-01,8453.0,55.2,21
USG00852,CUST0189,2024-01,3371.0,220.5,40
USG00853,CUST0433,2024-06,8006.1,42.0,29
USG00854,CUST0300,2024-01,12792.1,137.6,28
USG00855,CUST0143,2024-09,11237.3,203.2,24
USG00856,CUST0212,2024-07,10756.3,97.5,17
USG00857,CUST0070,2024-08,5657.4,37.7,18
USG00858,CUST0076,2024-09,11789.2,68.7,24
USG00859,CUST0060,2024-07,23169.3,43.5,23
USG00860,CUST0478,2024-04,10696.1,191.3,28
USG00861,CUST0106,2024-04,18248.2,136.5,23
USG00862,CUST0018,2024-12,22450.8,182.1,27
USG00863,CUST0283,2024-08,8948.2,149.8,23
USG00864,CUST0081,2024-06,4299.2,127.0,29
USG00865,CUST0407,2024-10,13001.8,3.0,26
USG00866,CUST0375,2024-09,23496.4,69.6,26
USG00867,CUST0338,2024-01,18085.6,45.9,32
USG00868,CUST0043,2024-09,7496.0,173.4,20
USG00869,CUST0177,2024-07,9078.6,153.7,24
USG00870,CUST0200,2024-07,10356.1,10.9,26
USG00871,CUST0211,2024-09,5967.9,83.5,24
USG00872,CUST0381,2024-03,1937.9,98.6,27
USG00873,CUST0360,2024-07,5020.5,401.2,31
USG00874,CUST0011,2024-02,6461.8,151.1,23
USG00875,CUST0017,2024-03,4451.2,105.9,32
USG00876,CUST0424,2024-09,6977.8,136.6,28
USG00877,CUST0354,2024-08,12027.7,25.9,37
USG00878,CUST0164,2024-03,2196.1,278.1,25
USG00879,CUST0347,2024-05,5959.2,157.1,33
USG00880,CUST0218,2024-03,14840.7,219.4,23
USG00881,CUST0109,2024-04,6819.9,212.8,29
USG00882,CUST0420,2024-11,4732.9,157.4,34
USG00883,CUST0467,2024-09,4030.4,106.7,21
USG00884,CUST0270,2024-08,1907.7,68.7,22
USG00885,CUST0202,2024-12,1785.1,244.0,25
USG00886,CUST0229,2024-12,2895.9,119.6,21
USG00887,CUST0468,2024-05,5595.7,189.3,19
USG00888,CUST0110,2024-01,8471.9,132.9,26
USG00889,CUST0061,2024-12,8026.1,242.3,34
USG00890,CUST0126,2024-08,11122.8,76.1,23
USG00891,CUST0238,2024-09,8143.1,312.9,28
USG00892,CUST0283,2024-10,5391.5,259.3,31
USG00893,CUST0398,2024-06,5397.8,180.3,22
USG00894,CUST0145,2024-11,6725.5,99.3,23
USG00895,CUST0200,2024-02,18861.2,63.6,35
USG00896,CUST0424,2024-05,9766.4,83.0,28
USG00897,CUST0270,2024-10,6316.3,81.4,30
USG00898,CUST0497,2024-11,5093.0,47.2,22
USG00899,CUST0400,2024-11,10405.7,186.6,30
USG00900,CUST0438,2024-09,10549.2,44.2,21
USG00901,CUST0282,2024-06,11305.9,71.4,28
USG00902,CUST0219,2024-05,5637.5,73.4,28
USG00903,CUST0490,2024-07,3233.0,64.0,23
USG00904,CUST0175,2024-09,4793.9,28.2,35
USG00905,CUST0170,2024-03,15584.7,78.8,20
USG00906,CUST0175,2024-11,9760.4,90.2,27
USG00907,CUST0153,2024-01,8511.8,37.6,22
USG00908,CUST0207,2024-11,13403.8,104.9,24
USG00909,CUST0119,2024-08,3935.5,79.6,22
USG00910,CUST0390,2024-07,3244.9,128.8,22
USG00911,CUST0080,2024-08,4962.6,23.5,24
USG00912,CUST0283,2024-11,17242.7,26.1,25
USG00913,CUST0200,2024-03,3339.3,86.1,27
USG00914,CUST0299,2024-10,9221.5,224.9,24
USG00915,CUST0325,2024-08,10784.8,99.2,22
USG00916,CUST0048,2024-12,11665.9,265.0,29
USG00917,CUST0272,2024-03,6763.1,40.4,35
USG00918,CUST0319,2024-12,1455.9,203.8,19
USG00919,CUST0144,2024-08,8896.2,74.7,27
USG00920,CUST0055,2024-10,9442.3,94.0,20
USG00921,CUST0136,2024-10,9286.4,96.8,24
USG00922,CUST0390,2024-07,14692.8,50.0,20
USG00923,CUST0470,2024-03,18199.2,34.3,29
USG00924,CUST0002,2024-01,7819.6,24.9,28
USG00925,CUST0039,2024-11,8006.7,144.9,31
USG00926,CUST0120,2024-05,5743.5,73.5,21
USG00927,CUST0301,2024-01,16805.2,205.7,22
USG00928,CUST0487,2024-10,5085.2,87.4,24
USG00929,CUST0130,2024-07,8153.4,10.0,26
USG00930,CUST0442,2024-04,10246.1,79.2,32
USG00931,CUST0008,2024-04,8054.8,60.3,34
USG00932,CUST0357,2024-03,17785.7,46.0,23
USG00933,CUST0456,2024-08,17529.1,117.1,24
USG00934,CUST0470,2024-01,4213.3,12.1,19
USG00935,CUST0398,2024-08,5040.6,338.0,21
USG00936,CUST0307,2024-08,5877.7,133.4,29
USG00937,CUST0206,2024-02,6727.8,127.7,22
USG00938,CUST0036,2024-09,14976.3,28.9,31
USG00939,CUST0315,2024-08,11194.7,74.5,22
USG00940,CUST0441,2024-03,17224.4,21.9,22
USG00941,CUST0127,2024-09,15471.1,121.9,20
USG00942,CUST0023,2024-03,12092.9,54.6,21
USG00943,CUST0391,2024-09,14305.6,146.1,20
USG00944,CUST0099,2024-08,5444.6,103.4,28
USG00945,CUST0092,2024-07,2209.3,95.3,23
USG00946,CUST0320,2024-08,6806.7,96.1,22
USG00947,CUST0050,2024-09,3930.8,207.0,25
USG00948,CUST0016,2024-08,9672.0,338.6,23
USG00949,CUST0470,2024-09,13819.2,44.3,33
USG00950,CUST0309,2024-06,6088.8,80.9,27
USG00951,CUST0081,2024-12,8511.3,24.6,21
USG00952,CUST0210,2024-07,8278.4,85.1,23
USG00953,CUST0106,2024-09,9453.6,101.3,26
USG00954,CUST0313,2024-06,13950.3,38.4,22
USG00955,CUST0230,2024-06,8256.3,75.6,21
USG00956,CUST0077,2024-04,7553.9,191.5,31
USG00957,CUST0144,2024-05,18551.4,87.7,22
USG00958,CUST0401,2024-10,3045.9,107.2,24
USG00959,CUST0123,2024-11,11624.3,148.4,31
USG00960,CUST0016,2024-03,821.4,53.7,30
USG00961,CUST0341,2024-08,6517.8,43.4,18
USG00962,CUST0242,2024-02,17293.1,103.6,25
USG00963,CUST0184,2024-04,18929.1,83.9,32
USG00964,CUST0480,2024-02,11033.3,67.1,24
USG00965,CUST0464,2024-09,27495.5,224.4,16
USG00966,CUST0061,2024-02,2325.9,91.3,23
USG00967,CUST0486,2024-11,9547.2,172.4,30
USG00968,CUST0256,2024-01,12811.8,52.2,23
USG00969,CUST0191,2024-12,6729.2,21.1,30
USG00970,CUST0475,2024-10,14903.5,126.6,23
USG00971,CUST0170,2024-11,6637.9,27.2,29
USG00972,CUST0139,2024-12,12074.5,41.5,31
USG00973,CUST0088,2024-11,5308.4,42.2,31
USG00974,CUST0492,2024-12,6902.8,86.8,28
USG00975,CUST0273,2024-12,13019.9,142.9,34
USG00976,CUST0144,2024-09,17408.1,168.7,22
USG00977,CUST0405,2024-06,14124.2,66.7,24
USG00978,CUST0385,2024-09,10252.6,217.8,22
USG00979,CUST0423,2024-01,8700.7,86.7,20
USG00980,CUST0406,2024-08,9904.1,65.3,29
USG00981,CUST0157,2024-09,7785.7,224.3,29
USG00982,CUST0315,2024-07,6519.5,102.7,29
USG00983,CUST0018,2024-11,19915.0,136.1,20
USG00984,CUST0029,2024-06,3832.6,185.4,26
USG00985,CUST0002,2024-11,2631.5,79.4,19
USG00986,CUST0422,2024-06,8806.1,69.9,19
USG00987,CUST0252,2024-03,10368.1,132.7,26
USG00988,CUST0206,2024-06,4862.7,72.4,23
USG00989,CUST0390,2024-12,12272.0,108.8,28
USG00990,CUST0189,2024-03,18121.4,62.4,30
USG00991,CUST0402,2024-08,9476.4,69.4,31
USG00992,CUST0363,2024-10,2078.7,60.3,26
USG00993,CUST0497,2024-02,9088.3,48.8,19
USG00994,CUST0305,2024-08,6646.7,54.6,21
USG00995,CUST0360,2024-09,9652.3,126.5,23
USG00996,CUST0396,2024-03,6588.1,99.0,21
USG00997,CUST0402,2024-11,14350.3,163.7,25
USG00998,CUST0180,2024-08,5567.2,21.2,28
USG00999,CUST0374,2024-08,3876.6,95.1,30
USG01000,CUST0132,2024-03,26895.4,157.8,21
USG01001,CUST0266,2024-11,3848.5,128.3,28
USG01002,CUST0299,2024-11,11128.4,34.9,28
USG01003,CUST0126,2024-10,8118.4,99.4,19
USG01004,CUST0132,2024-05,6798.3,43.6,28
USG01005,CUST0212,2024-10,21323.7,121.0,20
USG01006,CUST0147,2024-07,5777.7,232.8,19
USG01007,CUST0381,2024-06,8335.7,121.5,23
USG01008,CUST0210,2024-02,5367.8,263.7,23
USG01009,CUST0259,2024-12,8188.8,153.5,23
USG01010,CUST0474,2024-04,4589.2,44.9,30
USG01011,CUST0394,2024-08,2368.5,73.7,29
USG01012,CUST0408,2024-07,5601.1,35.5,27
USG01013,CUST0192,2024-02,14038.4,221.1,21
USG01014,CUST0199,2024-12,3456.8,180.9,29
USG01015,CUST0485,2024-08,22625.5,86.1,24
USG01016,CUST0202,2024-03,14681.3,59.5,31
USG01017,CUST0488,2024-03,19511.1,94.5,15
USG01018,CUST0363,2024-04,11096.0,280.3,26
USG01019,CUST0331,2024-10,10065.3,188.8,36
USG01020,CUST0145,2024-10,4947.5,29.7,28
USG01021,CUST0162,2024-04,26381.3,28.8,21
USG01022,CUST0048,2024-01,6875.5,155.2,19
USG01023,CUST0093,2024-04,4243.2,143.1,26
USG01024,CUST0256,2024-08,20255.9,44.2,26
USG01025,CUST0202,2024-11,13614.8,119.1,29
USG01026,CUST0458,2024-03,3557.5,93.7,27
USG01027,CUST0018,2024-09,12050.8,218.5,28
USG01028,CUST0127,2024-01,22159.6,49.9,22
USG01029,CUST0161,2024-07,6096.2,183.5,32
USG01030,CUST0422,2024-05,7297.9,113.7,27
USG01031,CUST0242,2024-03,18500.3,12.5,15
USG01032,CUST0325,2024-10,5232.1,85.7,36
USG01033,CUST0468,2024-07,4177.7,243.8,19
USG01034,CUST0318,2024-02,4017.3,77.2,21
USG01035,CUST0487,2024-04,4029.2,96.6,21
USG01036,CUST0253,2024-09,12091.7,152.7,23
USG01037,CUST0252,2024-03,7504.3,116.4,20
USG01038,CUST0243,2024-02,11852.9,111.5,19
USG01039,CUST0305,2024-10,7066.5,189.6,43
USG01040,CUST0008,2024-05,9404.6,54.5,25
USG01041,CUST0191,2024-04,6851.4,129.7,22
USG01042,CUST0445,2024-08,4202.6,250.1,31
USG01043,CUST0119,2024-05,4822.5,30.6,30
USG01044,CUST0369,2024-12,11891.3,65.2,37
USG01045,CUST0083,2024-06,9009.6,375.1,22
USG01046,CUST0309,2024-08,7617.7,35.4,15
USG01047,CUST0001,2024-06,8155.0,111.8,31
USG01048,CUST0281,2024-06,6563.1,6.1,22
USG01049,CUST0098,2024-11,12201.2,192.1,21
USG01050,CUST0487,2024-08,6767.7,66.6,26
USG01051,CUST0076,2024-04,7301.4,120.3,25
USG01052,CUST0451,2024-09,4755.3,258.0,25
USG01053,CUST0471,2024-05,3917.1,66.7,21
USG01054,CUST0454,2024-10,13709.4,21.0,28
USG01055,CUST0299,2024-03,4113.5,107.7,12
USG01056,CUST0218,2024-06,4106.0,18.8,22
USG01057,CUST0007,2024-08,15068.8,48.9,21
USG01058,CUST0145,2024-12,19362.7,81.4,19
USG01059,CUST0467,2024-07,1399.2,194.8,20
USG01060,CUST0077,2024-09,6540.2,328.7,29
USG01061,CUST0305,2024-07,6470.7,115.1,26
USG01062,CUST0259,2024-12,15606.8,55.9,23
USG01063,CUST0297,2024-07,9359.9,98.4,26
USG01064,CUST0189,2024-03,15394.5,97.4,24
USG01065,CUST0384,2024-04,7799.6,176.3,38
USG01066,CUST0403,2024-10,4732.4,53.7,27
USG01067,CUST0255,2024-12,8822.7,131.2,27
USG01068,CUST0130,2024-12,7165.9,217.8,28
USG01069,CUST0026,2024-03,11338.0,125.8,23
USG01070,CUST0283,2024-11,6860.4,190.2,30
USG01071,CUST0146,2024-09,11589.8,43.8,34
USG01072,CUST0274,2024-08,2122.8,28.5,25
USG01073,CUST0495,2024-03,10196.1,86.0,28
USG01074,CUST0139,2024-07,8428.1,93.7,28
USG01075,CUST0018,2024-02,17841.3,17.2,25
USG01076,CUST0487,2024-09,2645.4,34.2,24
USG01077,CUST0035,2024-04,12494.0,159.3,40
USG01078,CUST0011,2024-03,15414.4,43.4,29
USG01079,CUST0486,2024-04,11405.8,362.2,32
USG01080,CUST0412,2024-01,8286.8,72.7,24
USG01081,CUST0290,2024-05,2426.9,119.7,14
USG01082,CUST0080,2024-02,5734.9,41.5,24
USG01083,CUST0284,2024-05,7760.1,146.3,16
USG01084,CUST0055,2024-02,8868.1,92.7,20
USG01085,CUST0402,2024-11,13995.0,81.1,21
USG01086,CUST0424,2024-03,2737.5,141.7,28
USG01087,CUST0283,2024-06,15732.2,164.7,23
USG01088,CUST0240,2024-07,12939.9,125.8,36
USG01089,CUST0121,2024-06,11171.0,82.7,20
USG01090,CUST0317,2024-10,6095.1,154.2,29
USG01091,CUST0022,2024-01,11520.3,67.7,28
USG01092,CUST0403,2024-03,5906.1,115.6,29
USG01093,CUST0349,2024-08,13398.5,166.6,27
USG01094,CUST0244,2024-03,5718.2,68.9,22
USG01095,CUST0053,2024-03,22365.9,97.2,28
USG01096,CUST0162,2024-05,7647.3,149.2,33
USG01097,CUST0019,2024-09,11956.8,93.1,21
USG01098,CUST0144,2024-12,7177.7,114.2,31
USG01099,CUST0422,2024-04,15512.4,48.6,27
USG01100,CUST0294,2024-02,4391.8,272.7,27
USG01101,CUST0206,2024-07,1485.8,45.5,24
USG01102,CUST0089,2024-10,13167.4,68.8,27
USG01103,CUST0206,2024-05,6697.0,224.6,20
USG01104,CUST0429,2024-07,6999.4,205.4,27
USG01105,CUST0024,2024-09,8133.0,117.3,30
USG01106,CUST0192,2024-01,13133.1,173.1,31
USG01107,CUST0106,2024-07,6210.9,38.1,25
USG01108,CUST0489,2024-02,7717.9,33.1,34
USG01109,CUST0325,2024-08,22306.9,25.2,27
USG01110,CUST0078,2024-01,1057.8,25.6,22
USG01111,CUST0049,2024-04,3718.0,135.7,17
USG01112,CUST0291,2024-05,5821.3,68.3,24
USG01113,CUST0452,2024-02,16517.0,81.3,23
USG01114,CUST0486,2024-02,3109.9,120.3,27
USG01115,CUST0062,2024-05,6123.2,129.6,28
USG01116,CUST0281,2024-11,6433.4,127.3,21
USG01117,CUST0383,2024-03,7472.2,236.0,15
USG01118,CUST0025,2024-06,2258.1,83.9,33
USG01119,CUST0258,2024-12,16507.7,224.3,25
USG01120,CUST0175,2024-02,19650.6,149.6,31
USG01121,CUST0315,2024-11,8194.0,166.4,23
USG01122,CUST0409,2024-08,11584.2,63.9,23
USG01123,CUST0211,2024-11,13621.2,102.4,24
USG01124,CUST0076,2024-10,5436.4,155.3,21
USG01125,CUST0161,2024-07,12228.1,81.4,28
USG01126,CUST0493,2024-09,10846.9,91.7,29
USG01127,CUST0007,2024-12,8944.7,63.6,18
USG01128,CUST0304,2024-06,9722.2,133.7,29
USG01129,CUST0241,2024-01,18359.7,282.3,34
USG01130,CUST0063,2024-12,4090.7,38.2,18
USG01131,CUST0216,2024-09,3851.9,65.6,29
USG01132,CUST0274,2024-09,8210.5,60.6,19
USG01133,CUST0415,2024-02,10757.2,137.2,18
USG01134,CUST0456,2024-08,6857.9,31.8,19
USG01135,CUST0489,2024-02,4584.6,210.3,25
USG01136,CUST0132,2024-01,2261.1,39.9,26
USG01137,CUST0061,2024-09,13959.5,295.9,24
USG01138,CUST0168,2024-07,20242.5,142.8,32
USG01139,CUST0473,2024-10,8305.8,15.5,31
USG01140,CUST0342,2024-12,9544.6,67.6,25
USG01141,CUST0270,2024-12,13356.4,176.4,33
USG01142,CUST0484,2024-07,8022.6,124.5,38
USG01143,CUST0171,2024-12,1121.7,150.9,14
USG01144,CUST0423,2024-03,4743.8,246.7,23
USG01145,CUST0406,2024-02,7231.3,202.4,28
USG01146,CUST0043,2024-02,21350.6,30.3,24
USG01147,CUST0189,2024-11,14512.4,36.6,29
USG01148,CUST0490,2024-12,7256.3,97.7,27
USG01149,CUST0441,2024-09,23255.7,107.7,26
USG01150,CUST0164,2024-04,10075.2,102.2,25
USG01151,CUST0086,2024-04,12981.1,300.3,25
USG01152,CUST0080,2024-11,9270.8,32.5,18
USG01153,CUST0132,2024-04,12274.1,210.2,22
USG01154,CUST0008,2024-07,10593.1,225.8,20
USG01155,CUST0022,2024-01,4674.5,32.9,21
USG01156,CUST0235,2024-10,13953.7,173.8,27
USG01157,CUST0407,2024-09,7252.9,84.2,29
USG01158,CUST0114,2024-03,13051.2,120.0,25
USG01159,CUST0160,2024-03,9422.1,190.2,17
USG01160,CUST0479,2024-08,5488.5,15.8,21
USG01161,CUST0433,2024-08,2048.5,62.3,29
USG01162,CUST0085,2024-08,9082.9,31.4,25
USG01163,CUST0157,2024-07,5972.8,50.6,33
USG01164,CUST0384,2024-07,8223.1,80.4,38
USG01165,CUST0238,2024-07,16776.7,155.8,22
USG01166,CUST0417,2024-11,12025.0,86.0,26
USG01167,CUST0498,2024-01,21089.5,88.7,37
USG01168,CUST0456,2024-04,10140.7,143.5,29
USG01169,CUST0284,2024-07,10695.5,162.2,32
USG01170,CUST0496,2024-03,8956.5,65.0,26
USG01171,CUST0030,2024-01,6066.2,117.0,21
USG01172,CUST0016,2024-05,18339.3,142.8,27
USG01173,CUST0384,2024-12,4882.4,55.8,29
USG01174,CUST0014,2024-04,12101.4,241.3,25
USG01175,CUST0479,2024-07,7634.6,97.1,21
USG01176,CUST0027,2024-01,5382.5,15.3,25
USG01177,CUST0089,2024-08,3625.0,30.2,24
USG01178,CUST0018,2024-07,11130.5,42.7,29
USG01179,CUST0283,2024-05,2886.6,171.0,27
USG01180,CUST0199,2024-07,13900.4,248.7,26
USG01181,CUST0303,2024-07,6901.3,203.4,27
USG01182,CUST0078,2024-08,11095.9,344.3,23
USG01183,CUST0303,2024-09,13339.9,92.7,24
USG01184,CUST0417,2024-01,6295.2,88.3,25
USG01185,CUST0051,2024-04,11794.1,175.4,21
USG01186,CUST0040,2024-07,7288.2,159.7,31
USG01187,CUST0480,2024-10,8238.2,132.7,23
USG01188,CUST0341,2024-03,4941.8,23.7,25
USG01189,CUST0070,2024-06,8309.0,32.2,17
USG01190,CUST0120,2024-06,8157.3,58.3,24
USG01191,CUST0281,2024-01,5829.5,360.4,26
USG01192,CUST0219,2024-12,8312.6,80.1,31
USG01193,CUST0495,2024-01,9741.7,55.5,15
USG01194,CUST0383,2024-06,7439.3,48.3,23
USG01195,CUST0211,2024-02,19798.3,150.8,23
USG01196,CUST0013,2024-05,14278.1,78.2,20
USG01197,CUST0048,2024-02,4895.5,13.2,25
USG01198,CUST0058,2024-09,8040.5,104.5,24
USG01199,CUST0316,2024-08,6582.3,163.6,24
USG01200,CUST0316,2024-05,4130.8,48.4,29
USG01201,CUST0155,2024-09,3279.0,24.9,28
USG01202,CUST0467,2024-01,6552.3,235.4,27
USG01203,CUST0435,2024-02,12605.2,87.2,24
USG01204,CUST0410,2024-02,14987.3,118.9,27
USG01205,CUST0423,2024-01,3825.8,13.4,24
USG01206,CUST0134,2024-02,5423.8,26.5,22
USG01207,CUST0402,2024-02,13980.6,144.4,13
USG01208,CUST0109,2024-02,2986.5,15.2,23
USG01209,CUST0420,2024-03,5186.5,147.5,20
USG01210,CUST0441,2024-03,5322.1,47.9,24
USG01211,CUST0498,2024-12,11874.9,46.1,33
USG01212,CUST0486,2024-05,4672.7,50.7,27
USG01213,CUST0219,2024-12,3766.2,107.3,31
USG01214,CUST0062,2024-01,8040.0,50.3,33
USG01215,CUST0483,2024-09,11040.1,112.1,29
USG01216,CUST0131,2024-04,5025.0,97.6,36
USG01217,CUST0075,2024-06,2707.1,6.1,36
USG01218,CUST0281,2024-01,7863.8,72.6,35
USG01219,CUST0143,2024-05,7122.2,78.6,20
USG01220,CUST0441,2024-01,5963.0,105.8,31
USG01221,CUST0389,2024-04,13259.4,93.5,35
USG01222,CUST0484,2024-03,2032.9,31.3,18
USG01223,CUST0262,2024-11,12824.5,28.7,31
USG01224,CUST0467,2024-05,8504.3,117.4,28
USG01225,CUST0411,2024-11,884.2,97.0,21
USG01226,CUST0087,2024-04,4501.2,199.9,26
USG01227,CUST0480,2024-05,3657.7,62.0,19
USG01228,CUST0061,2024-02,13176.3,151.0,28
USG01229,CUST0027,2024-05,9688.4,250.2,24
USG01230,CUST0424,2024-09,1871.4,84.9,35
USG01231,CUST0078,2024-11,8095.3,90.9,20
USG01232,CUST0196,2024-06,18624.6,91.9,23
USG01233,CUST0022,2024-09,2529.7,147.6,29
USG01234,CUST0389,2024-02,13245.6,137.1,32
USG01235,CUST0424,2024-11,5698.9,204.7,14
USG01236,CUST0378,2024-07,9964.6,274.9,38
USG01237,CUST0307,2024-10,15337.4,76.5,19
USG01238,CUST0359,2024-10,7919.6,58.7,21
USG01239,CUST0281,2024-07,10778.2,79.4,22
USG01240,CUST0372,2024-10,14934.3,73.3,32
USG01241,CUST0263,2024-07,11473.0,241.4,31
USG01242,CUST0307,2024-01,7469.3,331.9,23
USG01243,CUST0117,2024-12,2266.3,92.5,25
USG01244,CUST0183,2024-08,1720.6,50.9,39
USG01245,CUST0402,2024-01,6700.7,108.4,24
USG01246,CUST0383,2024-08,10290.9,136.5,25
USG01247,CUST0061,2024-02,4435.9,54.7,24
USG01248,CUST0035,2024-05,6629.8,176.2,22
USG01249,CUST0297,2024-07,9304.4,50.7,24
USG01250,CUST0089,2024-10,9067.5,91.3,31
USG01251,CUST0439,2024-01,3890.5,51.6,22
USG01252,CUST0120,2024-04,3231.7,177.2,23
USG01253,CUST0027,2024-12,2633.3,21.7,26
USG01254,CUST0011,2024-06,25034.7,75.9,23
USG01255,CUST0334,2024-05,6848.9,11.2,19
USG01256,CUST0415,2024-07,10452.4,225.9,22
USG01257,CUST0251,2024-08,11192.0,138.8,32
USG01258,CUST0255,2024-07,8309.3,63.7,30
USG01259,CUST0263,2024-09,6022.0,91.6,36
USG01260,CUST0483,2024-03,3323.3,65.9,27
USG01261,CUST0132,2024-12,13957.1,30.2,22
USG01262,CUST0167,2024-12,4318.0,120.1,32
USG01263,CUST0267,2024-09,2269.5,113.6,26
USG01264,CUST0340,2024-07,6735.9,77.0,26
USG01265,CUST0204,2024-02,14473.7,116.8,25
USG01266,CUST0027,2024-06,10434.6,236.4,28
USG01267,CUST0455,2024-04,13898.1,185.6,26
USG01268,CUST0166,2024-06,7554.8,223.0,26
USG01269,CUST0070,2024-06,15607.6,114.0,33
USG01270,CUST0436,2024-06,14000.5,130.3,26
USG01271,CUST0444,2024-09,7380.1,217.8,24
USG01272,CUST0340,2024-09,4329.9,53.6,25
USG01273,CUST0381,2024-04,26403.8,240.5,29
USG01274,CUST0459,2024-09,15104.9,145.6,19
USG01275,CUST0485,2024-07,5901.4,88.5,23
USG01276,CUST0305,2024-05,8714.8,45.5,26
USG01277,CUST0028,2024-06,14117.1,92.7,21
USG01278,CUST0076,2024-10,18773.5,188.2,24
USG01279,CUST0061,2024-03,7264.9,137.9,20
USG01280,CUST0495,2024-09,2483.4,56.3,17
USG01281,CUST0487,2024-06,10410.3,164.7,28
USG01282,CUST0498,2024-12,13912.5,93.7,23
USG01283,CUST0276,2024-07,4203.0,112.7,19
USG01284,CUST0077,2024-01,9579.0,151.7,27
USG01285,CUST0220,2024-06,16533.1,114.3,30
USG01286,CUST0267,2024-09,9092.5,142.4,29
USG01287,CUST0077,2024-01,18479.0,28.2,28
USG01288,CUST0394,2024-01,5737.3,137.7,30
USG01289,CUST0475,2024-09,8379.8,10.5,28
USG01290,CUST0206,2024-08,11263.6,45.3,27
USG01291,CUST0476,2024-02,4585.9,171.4,18
USG01292,CUST0396,2024-12,5931.7,47.2,21
USG01293,CUST0298,2024-01,13395.2,146.2,33
USG01294,CUST0448,2024-10,2479.8,132.7,26
USG01295,CUST0483,2024-11,5664.8,55.2,27
USG01296,CUST0015,2024-01,1846.0,289.3,21
USG01297,CUST0365,2024-10,4100.3,386.7,26
USG01298,CUST0071,2024-04,8868.1,107.2,40
USG01299,CUST0248,2024-08,7813.9,60.1,18
USG01300,CUST0123,2024-01,5288.1,150.4,35
USG01301,CUST0471,2024-08,7007.9,175.2,22
USG01302,CUST0210,2024-02,4378.9,19.7,20
USG01303,CUST0046,2024-09,7216.6,80.2,25
USG01304,CUST0495,2024-11,4707.7,302.0,20
USG01305,CUST0381,2024-05,17324.6,59.5,21
USG01306,CUST0290,2024-01,3134.0,82.4,20
USG01307,CUST0379,2024-12,9019.9,141.2,24
USG01308,CUST0090,2024-02,4547.5,27.5,31
USG01309,CUST0018,2024-07,5847.0,36.1,24
USG01310,CUST0225,2024-07,3131.7,50.5,22
USG01311,CUST0202,2024-01,11750.2,248.3,24
USG01312,CUST0169,2024-05,5904.2,52.3,21
USG01313,CUST0437,2024-09,13434.1,47.5,20
USG01314,CUST0467,2024-09,9077.6,126.6,16
USG01315,CUST0490,2024-12,2850.9,228.6,21
USG01316,CUST0255,2024-03,4419.3,77.6,19
USG01317,CUST0495,2024-11,10426.0,79.2,27
USG01318,CUST0189,2024-08,10044.7,56.6,21
USG01319,CUST0495,2024-11,4793.4,129.1,30
USG01320,CUST0341,2024-03,13638.4,220.6,17
USG01321,CUST0204,2024-12,8026.1,211.3,21
USG01322,CUST0405,2024-03,4241.8,43.9,21
USG01323,CUST0202,2024-12,11484.8,48.8,19
USG01324,CUST0306,2024-12,10326.0,130.8,20
USG01325,CUST0470,2024-05,2157.8,219.4,29
USG01326,CUST0317,2024-03,18359.8,152.9,31
USG01327,CUST0319,2024-02,10714.2,61.6,16
USG01328,CUST0233,2024-06,8682.6,310.4,22
USG01329,CUST0196,2024-06,4876.7,49.9,25
USG01330,CUST0078,2024-11,2656.2,63.0,25
USG01331,CUST0127,2024-06,5538.0,141.0,27
USG01332,CUST0221,2024-01,4978.4,78.5,28
USG01333,CUST0292,2024-11,7757.7,58.6,13
USG01334,CUST0020,2024-09,18414.5,38.9,25
USG01335,CUST0381,2024-08,3686.4,64.3,36
USG01336,CUST0127,2024-08,10376.5,78.5,15
USG01337,CUST0192,2024-08,5289.1,313.2,23
USG01338,CUST0224,2024-06,3627.8,74.8,29
USG01339,CUST0445,2024-03,6122.6,187.4,20
USG01340,CUST0018,2024-09,2008.1,153.3,26
USG01341,CUST0354,2024-11,5411.7,80.3,22
USG01342,CUST0067,2024-07,3690.2,218.4,21
USG01343,CUST0070,2024-03,4576.0,12.2,23
USG01344,CUST0276,2024-12,5744.2,127.9,30
USG01345,CUST0202,2024-10,11337.5,171.4,26
USG01346,CUST0236,2024-05,15404.0,55.3,25
USG01347,CUST0436,2024-03,12578.2,20.9,27
USG01348,CUST0055,2024-12,2060.7,146.7,23
USG01349,CUST0442,2024-04,2782.1,124.9,21
USG01350,CUST0485,2024-07,8999.3,37.6,14
USG01351,CUST0048,2024-01,13189.0,55.5,30
USG01352,CUST0454,2024-08,7789.8,70.6,29
USG01353,CUST0344,2024-04,9655.9,573.1,18
USG01354,CUST0471,2024-12,11921.9,210.2,24
USG01355,CUST0123,2024-08,1744.8,266.9,25
USG01356,CUST0078,2024-08,7690.2,87.4,31
USG01357,CUST0368,2024-05,6495.6,214.0,27
USG01358,CUST0492,2024-12,6417.7,49.8,30
USG01359,CUST0406,2024-06,2250.7,125.4,21
USG01360,CUST0107,2024-02,12161.1,96.8,18
USG01361,CUST0485,2024-09,6804.2,46.0,25
USG01362,CUST0449,2024-09,2413.8,60.0,19
USG01363,CUST0170,2024-12,7910.5,54.0,37
USG01364,CUST0405,2024-11,7148.5,125.6,16
USG01365,CUST0230,2024-02,2513.4,102.5,22
USG01366,CUST0027,2024-08,9643.1,137.2,19
USG01367,CUST0257,2024-07,6829.5,38.2,26
USG01368,CUST0130,2024-02,10998.2,93.5,29
USG01369,CUST0161,2024-08,9971.6,56.2,37
USG01370,CUST0019,2024-05,1341.2,74.9,16
USG01371,CUST0208,2024-05,5246.5,209.4,22
USG01372,CUST0309,2024-07,17577.8,76.8,30
USG01373,CUST0160,2024-11,9308.1,59.5,22
USG01374,CUST0216,2024-01,5045.7,60.4,35
USG01375,CUST0076,2024-04,6235.8,43.0,27
USG01376,CUST0009,2024-03,14386.6,187.6,32
USG01377,CUST0416,2024-02,7385.5,201.2,26
USG01378,CUST0384,2024-09,6683.0,122.7,17
USG01379,CUST0404,2024-11,11065.4,117.8,27
USG01380,CUST0475,2024-12,6768.4,202.5,25
USG01381,CUST0358,2024-07,6473.7,77.8,31
USG01382,CUST0261,2024-09,2426.9,93.5,19
USG01383,CUST0008,2024-06,20431.2,53.8,22
USG01384,CUST0417,2024-12,2830.1,150.7,21
USG01385,CUST0429,2024-06,4737.1,33.6,14
USG01386,CUST0474,2024-05,15891.0,241.6,25
USG01387,CUST0498,2024-07,7193.9,72.3,23
USG01388,CUST0473,2024-07,5770.8,197.3,21
USG01389,CUST0026,2024-04,4195.4,123.3,21
USG01390,CUST0305,2024-09,6377.6,118.6,24
USG01391,CUST0014,2024-08,9325.6,86.2,19
USG01392,CUST0391,2024-07,1995.1,96.3,33
USG01393,CUST0287,2024-03,21791.6,33.2,33
USG01394,CUST0061,2024-10,6681.6,255.3,24
USG01395,CUST0130,2024-10,7863.0,113.8,24
USG01396,CUST0366,2024-10,1846.9,106.0,27
USG01397,CUST0088,2024-11,5784.2,223.7,25
USG01398,CUST0489,2024-09,8810.7,74.9,23
USG01399,CUST0313,2024-04,22023.7,97.4,21
USG01400,CUST0114,2024-10,8844.2,202.2,23
USG01401,CUST0350,2024-04,3645.4,11.7,27
USG01402,CUST0282,2024-08,7264.9,158.2,22
USG01403,CUST0302,2024-03,3459.9,66.0,21
USG01404,CUST0386,2024-02,4734.4,70.9,15
USG01405,CUST0473,2024-05,18356.0,126.7,27
USG01406,CUST0056,2024-04,11386.5,46.9,38
USG01407,CUST0171,2024-07,4319.9,190.8,34
USG01408,CUST0061,2024-01,4330.3,229.6,29
USG01409,CUST0059,2024-04,4215.4,109.0,27
USG01410,CUST0053,2024-11,6630.5,81.9,14
USG01411,CUST0043,2024-11,2963.9,26.5,31
USG01412,CUST0298,2024-05,7391.8,33.6,34
USG01413,CUST0242,2024-06,20597.2,108.9,21
USG01414,CUST0366,2024-12,13016.8,73.5,25
USG01415,CUST0083,2024-08,2112.9,49.9,24
USG01416,CUST0035,2024-09,10605.6,149.4,16
USG01417,CUST0420,2024-11,4571.3,7.8,28
USG01418,CUST0488,2024-09,7555.6,127.1,23
USG01419,CUST0331,2024-10,21795.0,27.2,31
USG01420,CUST0035,2024-08,4070.7,494.4,34
USG01421,CUST0068,2024-05,4973.6,43.6,35
USG01422,CUST0092,2024-01,18241.4,283.2,25
USG01423,CUST0313,2024-08,16041.7,135.6,30
USG01424,CUST0360,2024-08,4401.1,72.3,28
USG01425,CUST0290,2024-10,2723.6,170.9,32
USG01426,CUST0444,2024-11,7479.7,89.5,23
USG01427,CUST0211,2024-04,9702.3,52.4,23
USG01428,CUST0081,2024-01,3374.0,50.2,19
USG01429,CUST0145,2024-11,8795.8,122.4,20
USG01430,CUST0120,2024-01,16361.5,85.1,34
USG01431,CUST0175,2024-10,5835.0,203.6,29
USG01432,CUST0366,2024-04,10264.3,79.2,20
USG01433,CUST0008,2024-11,12070.2,126.6,25
USG01434,CUST0299,2024-03,7922.1,258.5,31
USG01435,CUST0204,2024-01,10421.2,123.0,20
USG01436,CUST0381,2024-11,7060.5,134.2,28
USG01437,CUST0039,2024-09,14812.8,8.2,31
USG01438,CUST0127,2024-02,24132.3,133.7,22
USG01439,CUST0319,2024-04,6810.6,105.7,28
USG01440,CUST0412,2024-12,5823.5,32.9,23
USG01441,CUST0202,2024-06,10073.9,74.6,22
USG01442,CUST0398,2024-09,4031.7,132.0,20
USG01443,CUST0202,2024-09,5042.8,65.3,14
USG01444,CUST0266,2024-07,19275.4,43.7,25
USG01445,CUST0442,2024-06,239.2,228.3,24
USG01446,CUST0417,2024-09,5518.4,139.6,30
USG01447,CUST0068,2024-06,6298.8,129.8,26
USG01448,CUST0418,2024-09,8393.6,94.0,29
USG01449,CUST0210,2024-09,3013.2,124.4,19
USG01450,CUST0305,2024-03,2113.4,128.5,21
USG01451,CUST0429,2024-09,13166.2,174.1,22
USG01452,CUST0200,2024-03,1496.3,155.5,24
USG01453,CUST0106,2024-04,20115.1,211.2,32
USG01454,CUST0033,2024-08,3177.3,132.4,31
USG01455,CUST0061,2024-01,5225.4,77.4,24
USG01456,CUST0068,2024-09,4054.1,48.2,27
USG01457,CUST0189,2024-09,7340.1,82.4,30
USG01458,CUST0349,2024-07,5587.7,50.8,38
USG01459,CUST0140,2024-04,20078.4,103.3,29
USG01460,CUST0121,2024-01,2373.2,39.6,18
USG01461,CUST0321,2024-10,10082.2,14.6,32
USG01462,CUST0018,2024-10,9890.8,233.0,23
USG01463,CUST0294,2024-12,12526.1,258.9,16
USG01464,CUST0185,2024-02,23170.4,70.6,24
USG01465,CUST0234,2024-03,15968.0,29.9,19
USG01466,CUST0039,2024-06,5480.5,141.9,24
USG01467,CUST0325,2024-04,1916.8,199.4,22
USG01468,CUST0363,2024-12,2597.0,146.3,32
USG01469,CUST0468,2024-10,7128.0,70.6,22
USG01470,CUST0226,2024-06,9741.9,306.3,27
USG01471,CUST0304,2024-05,7996.3,73.9,23
USG01472,CUST0492,2024-03,5152.1,78.0,26
USG01473,CUST0319,2024-04,6102.5,65.9,29
USG01474,CUST0176,2024-02,4643.7,34.0,26
USG01475,CUST0005,2024-02,9831.3,60.7,23
USG01476,CUST0173,2024-10,20544.3,77.5,20
USG01477,CUST0092,2024-07,9847.9,161.9,25
USG01478,CUST0457,2024-10,14966.3,54.3,28
USG01479,CUST0464,2024-07,9229.4,452.9,21
USG01480,CUST0374,2024-09,6690.9,28.5,26
USG01481,CUST0144,2024-11,14403.3,80.8,24
USG01482,CUST0092,2024-05,3396.1,153.7,31
USG01483,CUST0266,2024-12,17103.2,64.4,22
USG01484,CUST0039,2024-01,7729.7,187.9,26
USG01485,CUST0050,2024-11,6892.7,12.5,20
USG01486,CUST0386,2024-03,734.7,110.2,19
USG01487,CUST0120,2024-11,12113.4,78.7,27
USG01488,CUST0300,2024-09,10548.8,41.8,22
USG01489,CUST0384,2024-10,10972.9,237.5,18
USG01490,CUST0227,2024-10,6913.5,223.6,15
USG01491,CUST0405,2024-03,5347.4,23.9,27
USG01492,CUST0426,2024-11,18938.7,317.1,21
USG01493,CUST0140,2024-11,14360.0,141.6,22
USG01494,CUST0270,2024-11,6967.3,96.6,15
USG01495,CUST0054,2024-09,12517.3,49.5,29
USG01496,CUST0492,2024-01,11614.5,110.1,26
USG01497,CUST0050,2024-02,5125.0,76.9,31
USG01498,CUST0318,2024-05,17344.0,35.0,22
USG01499,CUST0029,2024-12,6848.8,71.1,28
USG01500,CUST0456,2024-02,13822.6,70.8,24
USG01501,CUST0219,2024-07,5229.5,362.2,23
USG01502,CUST0143,2024-08,20226.0,84.7,27
USG01503,CUST0070,2024-05,8674.4,217.0,15
USG01504,CUST0067,2024-05,16552.4,86.0,29
USG01505,CUST0318,2024-08,8971.6,91.9,35
USG01506,CUST0408,2024-06,2723.2,140.2,24
USG01507,CUST0343,2024-10,11278.2,149.9,22
USG01508,CUST0097,2024-07,5848.5,122.0,32
USG01509,CUST0376,2024-11,7601.0,252.2,28
USG01510,CUST0322,2024-09,8976.6,91.0,24
USG01511,CUST0405,2024-06,4763.6,44.8,21
USG01512,CUST0196,2024-09,2291.1,201.9,30
USG01513,CUST0196,2024-05,7124.8,69.6,25
USG01514,CUST0307,2024-07,5162.7,293.4,34
USG01515,CUST0232,2024-05,8560.9,13.5,22
USG01516,CUST0467,2024-02,8532.6,76.2,26
USG01517,CUST0019,2024-01,4298.2,58.7,25
USG01518,CUST0143,2024-03,11704.4,115.6,25
USG01519,CUST0426,2024-09,2675.2,131.9,30
USG01520,CUST0107,2024-04,10897.8,67.4,30
USG01521,CUST0079,2024-09,11059.4,10.8,28
USG01522,CUST0409,2024-11,8904.0,193.7,12
USG01523,CUST0088,2024-03,4237.0,56.7,27
USG01524,CUST0062,2024-09,6367.1,97.8,20
USG01525,CUST0008,2024-03,7411.6,468.8,24
USG01526,CUST0240,2024-06,9021.1,44.4,22
USG01527,CUST0276,2024-10,14434.6,149.7,28
USG01528,CUST0155,2024-02,4454.2,66.4,23
USG01529,CUST0011,2024-03,19312.5,56.8,20
USG01530,CUST0232,2024-11,13130.5,92.0,27
USG01531,CUST0387,2024-10,14599.8,39.5,26
USG01532,CUST0039,2024-12,11469.6,336.6,25
USG01533,CUST0252,2024-01,13669.2,220.5,23
USG01534,CUST0160,2024-08,8714.2,71.0,22
USG01535,CUST0297,2024-10,11352.7,150.0,25
USG01536,CUST0186,2024-02,8010.0,22.8,27
USG01537,CUST0219,2024-01,4488.0,78.1,28
USG01538,CUST0315,2024-02,2835.7,244.4,26
USG01539,CUST0157,2024-09,5568.2,121.5,23
USG01540,CUST0299,2024-03,4007.2,155.8,30
USG01541,CUST0400,2024-10,3076.3,165.8,21
USG01542,CUST0387,2024-05,5177.8,27.6,28
USG01543,CUST0383,2024-06,1916.8,365.9,31
USG01544,CUST0048,2024-09,19813.6,202.2,22
USG01545,CUST0262,2024-02,5458.9,34.3,25
USG01546,CUST0477,2024-02,7563.3,150.0,24
USG01547,CUST0467,2024-04,3767.8,260.7,22
USG01548,CUST0063,2024-09,6612.7,36.7,15
USG01549,CUST0071,2024-05,11559.0,75.8,29
USG01550,CUST0400,2024-04,23095.6,78.4,21
USG01551,CUST0464,2024-05,7792.4,66.8,32
USG01552,CUST0197,2024-02,8306.3,97.1,16
USG01553,CUST0364,2024-12,7004.6,81.8,32
USG01554,CUST0343,2024-11,4421.3,56.4,30
USG01555,CUST0197,2024-04,12888.4,155.7,25
USG01556,CUST0068,2024-01,9495.8,46.9,24
USG01557,CUST0071,2024-03,6551.3,148.3,29
USG01558,CUST0053,2024-10,10075.6,314.3,32
USG01559,CUST0248,2024-07,5313.0,69.9,26
USG01560,CUST0083,2024-01,12162.0,317.8,31
USG01561,CUST0067,2024-05,4561.3,140.9,32
USG01562,CUST0381,2024-10,9186.0,161.7,20
USG01563,CUST0038,2024-11,3142.7,20.7,28
USG01564,CUST0436,2024-11,2176.9,58.3,17
USG01565,CUST0263,2024-09,13054.2,60.4,24
USG01566,CUST0086,2024-12,11259.5,195.7,33
USG01567,CUST0156,2024-06,4708.6,97.0,27
USG01568,CUST0254,2024-11,11284.9,274.9,23
USG01569,CUST0053,2024-06,14183.9,165.7,32
USG01570,CUST0301,2024-01,3005.3,78.0,29
USG01571,CUST0437,2024-12,13118.5,213.7,18
USG01572,CUST0309,2024-09,4905.3,84.3,30
USG01573,CUST0444,2024-10,6290.5,285.8,24
USG01574,CUST0026,2024-03,14211.7,70.6,31
USG01575,CUST0076,2024-12,7236.0,402.4,17
USG01576,CUST0183,2024-03,14917.1,94.7,22
USG01577,CUST0173,2024-10,8724.4,205.1,25
USG01578,CUST0153,2024-02,16491.2,53.7,36
USG01579,CUST0170,2024-05,15349.0,109.3,22
USG01580,CUST0208,2024-03,6253.0,264.4,41
USG01581,CUST0421,2024-06,1079.3,38.8,22
USG01582,CUST0225,2024-10,9528.0,201.7,30
USG01583,CUST0120,2024-09,5947.0,161.3,27
USG01584,CUST0366,2024-03,5109.4,15.7,28
USG01585,CUST0008,2024-12,5148.9,60.6,23
USG01586,CUST0047,2024-07,8894.6,67.0,22
USG01587,CUST0120,2024-11,9785.4,52.5,23
USG01588,CUST0255,2024-08,11918.9,218.9,16
USG01589,CUST0126,2024-12,5524.6,141.5,21
USG01590,CUST0306,2024-08,6927.0,78.1,35
USG01591,CUST0082,2024-11,8005.5,16.1,21
USG01592,CUST0090,2024-06,10397.5,39.3,42
USG01593,CUST0462,2024-01,4118.8,45.1,22
USG01594,CUST0036,2024-06,8255.2,48.4,14
USG01595,CUST0242,2024-11,22331.1,157.7,32
USG01596,CUST0417,2024-08,4377.5,29.0,24
USG01597,CUST0162,2024-10,5867.6,132.8,28
USG01598,CUST0230,2024-10,18862.2,240.8,29
USG01599,CUST0195,2024-02,6123.5,78.6,17
USG01600,CUST0274,2024-10,12171.7,269.2,25
USG01601,CUST0255,2024-01,4657.2,110.1,27
USG01602,CUST0470,2024-08,2942.8,76.3,23
USG01603,CUST0324,2024-04,4292.4,264.0,26
USG01604,CUST0075,2024-01,13791.9,27.3,20
USG01605,CUST0422,2024-04,8490.8,259.1,24
USG01606,CUST0293,2024-05,12840.9,80.0,36
USG01607,CUST0106,2024-08,7600.3,133.0,24
USG01608,CUST0076,2024-09,8963.7,256.1,30
USG01609,CUST0291,2024-05,4779.6,169.9,26
USG01610,CUST0217,2024-07,13119.9,41.8,30
USG01611,CUST0430,2024-04,3799.5,159.0,24
USG01612,CUST0350,2024-10,8640.2,130.9,22
USG01613,CUST0333,2024-07,6698.8,62.0,22
USG01614,CUST0043,2024-08,3969.2,106.6,15
USG01615,CUST0210,2024-03,3869.4,149.7,28
USG01616,CUST0096,2024-09,7132.8,273.4,29
USG01617,CUST0468,2024-07,3341.6,79.4,25
USG01618,CUST0465,2024-03,9156.2,169.1,20
USG01619,CUST0396,2024-02,2612.5,115.6,24
USG01620,CUST0381,2024-12,12897.7,101.8,22
USG01621,CUST0172,2024-11,11866.5,214.6,17
USG01622,CUST0498,2024-04,8696.5,221.8,22
USG01623,CUST0398,2024-02,3703.1,245.7,19
USG01624,CUST0151,2024-08,12787.5,130.6,22
USG01625,CUST0484,2024-10,10715.3,37.0,25
USG01626,CUST0383,2024-03,23172.0,14.2,32
USG01627,CUST0397,2024-04,12545.5,135.6,25
USG01628,CUST0427,2024-11,8744.0,25.2,29
USG01629,CUST0164,2024-05,7682.6,239.3,32
USG01630,CUST0338,2024-05,7851.9,265.2,24
USG01631,CUST0040,2024-06,26990.6,279.9,17
USG01632,CUST0016,2024-01,20398.2,65.8,33
USG01633,CUST0122,2024-09,7985.8,247.7,32
USG01634,CUST0384,2024-03,12112.0,87.0,19
USG01635,CUST0032,2024-01,2499.3,137.1,28
USG01636,CUST0259,2024-10,16006.8,185.0,28
USG01637,CUST0491,2024-11,1075.2,121.1,30
USG01638,CUST0474,2024-08,8874.2,91.1,18
USG01639,CUST0185,2024-05,11187.9,15.1,25
USG01640,CUST0026,2024-07,6182.6,172.4,24
USG01641,CUST0202,2024-09,3595.2,196.6,28
USG01642,CUST0373,2024-12,6954.3,98.0,23
USG01643,CUST0064,2024-04,2442.5,122.4,17
USG01644,CUST0456,2024-10,15295.5,190.8,23
USG01645,CUST0191,2024-01,7622.8,111.5,24
USG01646,CUST0409,2024-10,9471.9,139.7,40
USG01647,CUST0001,2024-06,11545.8,79.1,28
USG01648,CUST0468,2024-06,24542.2,194.9,24
USG01649,CUST0089,2024-07,5220.4,27.6,29
USG01650,CUST0475,2024-04,10741.9,84.1,20
USG01651,CUST0261,2024-11,6176.4,19.9,25
USG01652,CUST0068,2024-02,9100.7,21.2,30
USG01653,CUST0356,2024-08,8868.1,87.3,28
USG01654,CUST0279,2024-12,6732.6,234.5,20
USG01655,CUST0404,2024-01,12095.1,25.9,24
USG01656,CUST0192,2024-12,4687.3,46.1,26
USG01657,CUST0191,2024-03,15407.9,116.2,36
USG01658,CUST0384,2024-02,10172.0,208.4,29
USG01659,CUST0422,2024-11,2125.2,98.4,30
USG01660,CUST0068,2024-09,760.2,34.8,26
USG01661,CUST0190,2024-12,10185.5,104.0,27
USG01662,CUST0344,2024-12,6398.3,63.6,20
USG01663,CUST0341,2024-03,27191.4,124.9,19
USG01664,CUST0424,2024-11,14664.2,34.2,27
USG01665,CUST0131,2024-08,12815.4,31.3,27
USG01666,CUST0203,2024-07,13410.7,31.1,20
USG01667,CUST0294,2024-03,7675.5,96.5,21
USG01668,CUST0390,2024-04,20006.9,56.7,28
USG01669,CUST0007,2024-09,8649.5,70.0,28
USG01670,CUST0185,2024-03,16952.5,113.9,20
USG01671,CUST0137,2024-11,6955.1,134.7,42
USG01672,CUST0183,2024-11,13488.2,159.7,26
USG01673,CUST0498,2024-09,4187.7,213.5,37
USG01674,CUST0137,2024-08,4114.0,33.2,36
USG01675,CUST0370,2024-05,6331.4,32.1,25
USG01676,CUST0188,2024-12,7475.9,117.0,21
USG01677,CUST0022,2024-03,14872.4,59.7,19
USG01678,CUST0467,2024-06,10696.3,46.8,18
USG01679,CUST0231,2024-07,9081.8,60.5,22
USG01680,CUST0321,2024-11,4935.8,349.1,35
USG01681,CUST0287,2024-12,17223.0,28.6,24
USG01682,CUST0093,2024-11,22010.8,91.2,24
USG01683,CUST0002,2024-12,5503.2,52.6,21
USG01684,CUST0463,2024-10,15930.7,91.0,26
USG01685,CUST0436,2024-04,11310.9,86.6,19
USG01686,CUST0433,2024-02,6786.5,121.1,24
USG01687,CUST0164,2024-09,12710.9,112.6,18
USG01688,CUST0269,2024-02,14475.0,69.7,25
USG01689,CUST0189,2024-03,19109.1,53.2,25
USG01690,CUST0347,2024-03,14408.6,112.6,26
USG01691,CUST0369,2024-01,9238.8,57.2,26
USG01692,CUST0491,2024-09,11491.1,88.3,19
USG01693,CUST0233,2024-10,6274.7,78.6,28
USG01694,CUST0018,2024-08,5865.8,170.2,26
USG01695,CUST0500,2024-04,5641.8,46.1,28
USG01696,CUST0331,2024-11,4044.6,306.1,19
USG01697,CUST0079,2024-08,7645.5,108.8,24
USG01698,CUST0083,2024-04,10773.5,74.0,19
USG01699,CUST0111,2024-08,15562.0,235.0,19
USG01700,CUST0433,2024-04,13107.1,192.9,17
USG01701,CUST0058,2024-04,7238.8,43.2,20
USG01702,CUST0483,2024-12,3149.2,47.8,27
USG01703,CUST0099,2024-01,3715.2,55.4,35
USG01704,CUST0325,2024-03,5619.4,134.9,27
USG01705,CUST0299,2024-01,6661.5,63.9,18
USG01706,CUST0435,2024-07,12114.9,95.8,23
USG01707,CUST0009,2024-01,7189.2,104.3,22
USG01708,CUST0029,2024-08,5925.7,86.1,14
USG01709,CUST0162,2024-02,16838.8,159.8,17
USG01710,CUST0046,2024-08,6344.5,18.4,26
USG01711,CUST0282,2024-01,5363.7,103.8,26
USG01712,CUST0106,2024-09,4755.0,144.6,35
USG01713,CUST0360,2024-03,6772.5,149.3,26
USG01714,CUST0189,2024-03,7313.1,20.4,24
USG01715,CUST0360,2024-09,3104.1,143.0,23
USG01716,CUST0433,2024-08,5548.4,178.5,35
USG01717,CUST0103,2024-03,12662.2,122.9,25
USG01718,CUST0258,2024-04,16153.5,112.0,26
USG01719,CUST0479,2024-06,5887.5,107.6,25
USG01720,CUST0338,2024-11,4354.8,115.2,32
USG01721,CUST0297,2024-01,3560.8,64.2,29
USG01722,CUST0075,2024-04,3973.1,38.0,22
USG01723,CUST0218,2024-11,7226.2,181.4,31
USG01724,CUST0120,2024-08,6699.4,50.1,32
USG01725,CUST0473,2024-03,6042.8,101.9,24
USG01726,CUST0091,2024-08,9630.7,27.9,17
USG01727,CUST0027,2024-01,8763.9,191.2,22
USG01728,CUST0076,2024-07,14400.3,9.3,24
USG01729,CUST0018,2024-08,6797.5,23.2,28
USG01730,CUST0166,2024-09,16460.0,49.0,26
USG01731,CUST0415,2024-09,16438.2,117.4,24
USG01732,CUST0426,2024-11,24353.5,201.7,28
USG01733,CUST0121,2024-03,17984.2,253.6,29
USG01734,CUST0479,2024-04,16866.2,23.9,21
USG01735,CUST0127,2024-12,11439.3,335.7,16
USG01736,CUST0266,2024-05,12495.2,119.0,23
USG01737,CUST0210,2024-03,9120.4,47.6,32
USG01738,CUST0175,2024-03,8243.9,157.2,17
USG01739,CUST0281,2024-05,6731.8,170.3,24
USG01740,CUST0274,2024-11,4560.3,64.5,31
USG01741,CUST0342,2024-07,5998.2,54.3,17
USG01742,CUST0089,2024-02,16275.2,104.9,24
USG01743,CUST0143,2024-06,6198.3,30.1,17
USG01744,CUST0040,2024-03,6304.6,105.9,29
USG01745,CUST0396,2024-03,16319.6,161.7,24
USG01746,CUST0403,2024-10,17501.8,4.0,36
USG01747,CUST0325,2024-11,11170.6,54.9,28
USG01748,CUST0473,2024-12,2330.5,353.1,24
USG01749,CUST0239,2024-04,5037.8,144.7,21
USG01750,CUST0062,2024-05,3328.2,10.2,18
USG01751,CUST0294,2024-12,20965.4,233.5,21
USG01752,CUST0028,2024-12,5997.3,220.3,19
USG01753,CUST0336,2024-07,6167.8,64.9,35
USG01754,CUST0464,2024-08,13218.7,42.9,35
USG01755,CUST0033,2024-08,1701.8,211.4,27
USG01756,CUST0241,2024-12,9570.4,56.4,26
USG01757,CUST0143,2024-07,8935.5,16.9,21
USG01758,CUST0256,2024-07,22205.5,214.0,25
USG01759,CUST0400,2024-11,16386.7,114.5,15
USG01760,CUST0173,2024-11,5795.4,81.0,20
USG01761,CUST0279,2024-06,6857.8,118.8,16
USG01762,CUST0009,2024-02,9393.2,119.3,24
USG01763,CUST0074,2024-01,3784.7,72.4,20
USG01764,CUST0087,2024-10,5304.5,34.6,28
USG01765,CUST0169,2024-10,6783.9,28.9,23
USG01766,CUST0491,2024-02,12037.9,164.7,26
USG01767,CUST0248,2024-06,7089.7,269.9,24
USG01768,CUST0369,2024-01,5623.9,57.8,28
USG01769,CUST0202,2024-01,16967.4,68.6,42
USG01770,CUST0203,2024-05,7004.4,90.4,17
USG01771,CUST0054,2024-10,8834.7,87.8,20
USG01772,CUST0232,2024-07,6213.5,289.4,27
USG01773,CUST0304,2024-04,9400.3,93.9,31
USG01774,CUST0202,2024-12,9080.1,89.8,19
USG01775,CUST0191,2024-02,12560.9,24.5,31
USG01776,CUST0157,2024-12,5962.0,134.6,28
USG01777,CUST0110,2024-01,2341.3,284.3,30
USG01778,CUST0181,2024-08,8853.8,409.1,23
USG01779,CUST0236,2024-06,5541.5,150.9,30
USG01780,CUST0397,2024-05,12877.5,121.7,27
USG01781,CUST0141,2024-05,11955.2,78.9,24
USG01782,CUST0402,2024-01,5748.2,193.0,28
USG01783,CUST0304,2024-03,575.1,210.3,21
USG01784,CUST0140,2024-05,11648.5,140.4,27
USG01785,CUST0175,2024-01,1366.9,38.8,25
USG01786,CUST0202,2024-06,9918.3,170.5,29
USG01787,CUST0380,2024-02,11211.5,108.3,34
USG01788,CUST0007,2024-01,5061.5,179.4,27
USG01789,CUST0367,2024-07,18510.9,251.8,22
USG01790,CUST0415,2024-12,5046.8,254.0,28
USG01791,CUST0274,2024-05,843.7,112.9,31
USG01792,CUST0286,2024-08,12464.2,95.5,24
USG01793,CUST0064,2024-03,6777.6,171.9,23
USG01794,CUST0174,2024-12,3085.0,148.5,24
USG01795,CUST0184,2024-06,13924.9,166.6,34
USG01796,CUST0429,2024-03,4909.7,43.9,20
USG01797,CUST0211,2024-10,3370.7,177.6,31
USG01798,CUST0177,2024-08,9889.2,83.1,16
USG01799,CUST0054,2024-05,8523.3,133.4,27
USG01800,CUST0500,2024-11,8258.3,181.9,24
USG01801,CUST0076,2024-12,7456.4,434.9,24
USG01802,CUST0238,2024-05,2687.6,81.6,21
USG01803,CUST0126,2024-04,19184.6,514.9,21
USG01804,CUST0364,2024-07,4418.7,187.1,24
USG01805,CUST0191,2024-10,9843.2,49.6,28
USG01806,CUST0088,2024-01,6105.2,36.1,22
USG01807,CUST0472,2024-10,15353.3,63.5,21
USG01808,CUST0185,2024-11,11415.6,179.5,23
USG01809,CUST0194,2024-09,4539.1,159.8,21
USG01810,CUST0413,2024-08,6411.8,214.2,24
USG01811,CUST0303,2024-12,2176.8,153.9,23
USG01812,CUST0281,2024-08,12338.6,298.4,25
USG01813,CUST0068,2024-06,7523.6,177.8,18
USG01814,CUST0127,2024-05,6762.9,39.4,18
USG01815,CUST0254,2024-08,5963.9,122.8,23
USG01816,CUST0245,2024-08,13422.4,206.1,21
USG01817,CUST0456,2024-05,2409.0,58.4,18
USG01818,CUST0298,2024-09,14099.3,184.4,26
USG01819,CUST0203,2024-03,9692.7,341.8,26
USG01820,CUST0357,2024-11,12926.1,51.0,33
USG01821,CUST0344,2024-09,19283.0,40.9,23
USG01822,CUST0133,2024-06,14517.9,138.6,20
USG01823,CUST0483,2024-01,5253.9,157.2,29
USG01824,CUST0476,2024-02,8907.5,108.4,23
USG01825,CUST0107,2024-08,6955.7,225.8,29
USG01826,CUST0331,2024-11,2961.6,266.7,25
USG01827,CUST0395,2024-04,10628.3,167.6,29
USG01828,CUST0465,2024-05,3580.7,165.2,20
USG01829,CUST0410,2024-07,12990.1,87.2,29
USG01830,CUST0089,2024-11,4827.8,102.1,23
USG01831,CUST0160,2024-03,8715.7,78.0,25
USG01832,CUST0383,2024-07,22080.8,25.2,15
USG01833,CUST0192,2024-02,13804.8,12.3,29
USG01834,CUST0442,2024-09,5782.0,121.6,25
USG01835,CUST0114,2024-05,5988.8,176.0,28
USG01836,CUST0248,2024-07,1883.9,44.4,20
USG01837,CUST0263,2024-01,8237.3,39.5,24
USG01838,CUST0109,2024-05,12500.6,248.9,17
USG01839,CUST0473,2024-09,16296.6,113.7,25
USG01840,CUST0005,2024-11,8375.8,34.3,14
USG01841,CUST0294,2024-11,2473.7,128.2,32
USG01842,CUST0364,2024-05,2476.1,41.7,23
USG01843,CUST0363,2024-10,4290.8,91.2,28
USG01844,CUST0192,2024-12,8810.8,109.7,26
USG01845,CUST0106,2024-01,9400.1,46.0,24
USG01846,CUST0340,2024-11,7105.0,319.1,25
USG01847,CUST0076,2024-06,2038.9,231.3,25
USG01848,CUST0490,2024-04,4434.4,43.5,32
USG01849,CUST0062,2024-09,10052.0,280.8,24
USG01850,CUST0363,2024-12,6410.3,106.1,23
USG01851,CUST0298,2024-04,13462.0,60.3,19
USG01852,CUST0022,2024-02,3232.8,279.8,31
USG01853,CUST0120,2024-05,8951.5,102.2,21
USG01854,CUST0301,2024-09,17179.3,532.4,31
USG01855,CUST0480,2024-10,3165.6,47.8,27
USG01856,CUST0202,2024-04,2601.3,103.4,26
USG01857,CUST0034,2024-09,9578.1,30.2,28
USG01858,CUST0126,2024-07,8647.1,283.9,24
USG01859,CUST0038,2024-12,3343.4,235.3,29
USG01860,CUST0031,2024-03,8833.5,141.7,21
USG01861,CUST0300,2024-10,2422.0,84.8,27
USG01862,CUST0272,2024-12,3001.9,67.5,16
USG01863,CUST0473,2024-06,9676.3,74.4,25
USG01864,CUST0331,2024-02,19850.6,119.5,32
USG01865,CUST0404,2024-11,12251.9,47.1,19
USG01866,CUST0485,2024-12,3603.0,186.4,39
USG01867,CUST0290,2024-11,16915.7,34.8,27
USG01868,CUST0076,2024-01,32859.2,130.9,24
USG01869,CUST0489,2024-05,6948.9,69.5,35
USG01870,CUST0018,2024-02,4934.6,129.7,19
USG01871,CUST0403,2024-02,8326.4,40.9,27
USG01872,CUST0165,2024-11,7758.2,79.5,31
USG01873,CUST0495,2024-09,13292.4,73.7,38
USG01874,CUST0313,2024-12,7264.1,94.6,28
USG01875,CUST0459,2024-06,2103.5,66.5,18
USG01876,CUST0050,2024-08,3343.3,9.6,18
USG01877,CUST0106,2024-08,12135.1,50.2,21
USG01878,CUST0185,2024-05,5719.1,52.2,17
USG01879,CUST0313,2024-06,8286.2,43.3,15
USG01880,CUST0390,2024-02,8751.8,181.6,28
USG01881,CUST0120,2024-03,16039.3,320.8,20
USG01882,CUST0394,2024-08,15995.6,79.9,27
USG01883,CUST0076,2024-01,13355.3,43.6,18
USG01884,CUST0189,2024-04,14654.4,186.1,26
USG01885,CUST0061,2024-10,11878.6,51.4,23
USG01886,CUST0465,2024-05,14120.6,108.4,27
USG01887,CUST0325,2024-08,4046.3,173.1,34
USG01888,CUST0402,2024-08,10997.7,59.4,19
USG01889,CUST0024,2024-04,4942.1,68.6,19
USG01890,CUST0055,2024-12,1944.9,109.7,30
USG01891,CUST0497,2024-05,7538.5,39.2,20
USG01892,CUST0182,2024-02,4851.3,68.6,24
USG01893,CUST0211,2024-07,7500.2,39.9,24
USG01894,CUST0089,2024-05,5852.8,143.5,28
USG01895,CUST0235,2024-01,7180.4,64.4,18
USG01896,CUST0270,2024-03,12365.4,58.5,40
USG01897,CUST0485,2024-06,12452.2,19.1,22
USG01898,CUST0356,2024-03,8598.2,82.0,33
USG01899,CUST0118,2024-04,17855.1,613.8,25
USG01900,CUST0418,2024-04,6534.4,118.1,22
USG01901,CUST0491,2024-11,7873.2,207.7,27
USG01902,CUST0242,2024-01,3997.8,47.6,19
USG01903,CUST0408,2024-04,4588.8,121.4,33
USG01904,CUST0024,2024-02,10400.7,98.6,25
USG01905,CUST0484,2024-10,16599.6,138.2,23
USG01906,CUST0173,2024-08,15880.8,197.3,21
USG01907,CUST0319,2024-10,8510.1,99.6,30
USG01908,CUST0319,2024-11,8927.0,48.7,20
USG01909,CUST0185,2024-10,5173.7,215.8,21
USG01910,CUST0458,2024-02,3941.2,87.6,27
USG01911,CUST0490,2024-11,4074.8,39.0,21
USG01912,CUST0309,2024-05,8913.8,22.5,26
USG01913,CUST0083,2024-03,3859.1,137.8,25
USG01914,CUST0409,2024-12,10783.3,103.6,18
USG01915,CUST0249,2024-05,9576.6,121.2,26
USG01916,CUST0070,2024-09,7657.6,167.6,12
USG01917,CUST0402,2024-10,9961.1,27.2,24
USG01918,CUST0234,2024-06,4388.7,122.5,18
USG01919,CUST0203,2024-04,15654.5,25.4,27
USG01920,CUST0278,2024-02,11971.0,85.7,30
USG01921,CUST0050,2024-09,8405.3,91.9,24
USG01922,CUST0321,2024-01,11098.0,171.4,30
USG01923,CUST0443,2024-05,10629.9,82.7,35
USG01924,CUST0064,2024-12,11505.4,39.7,34
USG01925,CUST0325,2024-04,5660.6,30.8,14
USG01926,CUST0299,2024-12,8616.5,33.3,23
USG01927,CUST0470,2024-05,7545.0,156.5,27
USG01928,CUST0468,2024-01,16326.9,91.4,30
USG01929,CUST0160,2024-08,1115.4,59.1,20
USG01930,CUST0120,2024-12,2367.7,159.7,20
USG01931,CUST0160,2024-02,17103.7,173.3,24
USG01932,CUST0238,2024-06,6316.8,187.2,22
USG01933,CUST0096,2024-03,6456.1,24.1,26
USG01934,CUST0011,2024-01,6280.6,124.1,27
USG01935,CUST0132,2024-11,13409.8,51.8,23
USG01936,CUST0074,2024-08,6103.2,54.9,18
USG01937,CUST0429,2024-02,9410.4,29.1,26
USG01938,CUST0338,2024-03,8496.6,57.2,30
USG01939,CUST0013,2024-11,8117.1,11.7,23
USG01940,CUST0050,2024-03,5315.7,78.1,23
USG01941,CUST0188,2024-12,4355.3,94.5,28
USG01942,CUST0166,2024-01,5504.9,106.1,30
USG01943,CUST0437,2024-12,7146.6,123.6,26
USG01944,CUST0415,2024-09,2577.0,315.8,30
USG01945,CUST0361,2024-05,4761.0,109.2,29
USG01946,CUST0318,2024-03,9319.5,71.7,21
USG01947,CUST0386,2024-07,5076.7,103.4,28
USG01948,CUST0400,2024-11,8297.9,166.5,27
USG01949,CUST0143,2024-07,11431.8,160.0,26
USG01950,CUST0413,2024-04,2628.5,51.5,25
USG01951,CUST0266,2024-02,4660.5,76.9,28
USG01952,CUST0008,2024-09,14915.6,82.4,33
USG01953,CUST0212,2024-09,4679.4,104.9,27
USG01954,CUST0151,2024-03,5298.5,251.6,32
USG01955,CUST0206,2024-07,5664.8,132.9,30
USG01956,CUST0404,2024-08,14273.8,111.0,18
USG01957,CUST0318,2024-07,3252.3,270.3,27
USG01958,CUST0220,2024-04,10989.6,76.5,23
USG01959,CUST0243,2024-09,18096.4,100.9,19
USG01960,CUST0318,2024-01,11375.4,62.8,20
USG01961,CUST0493,2024-02,2198.6,88.4,27
USG01962,CUST0074,2024-09,8800.6,248.8,34
USG01963,CUST0288,2024-10,6816.5,80.4,21
USG01964,CUST0182,2024-07,2115.8,94.2,21
USG01965,CUST0367,2024-07,4681.0,271.7,16
USG01966,CUST0035,2024-08,10635.7,242.4,22
USG01967,CUST0089,2024-10,7610.6,266.9,18
USG01968,CUST0070,2024-09,400.6,183.9,22
USG01969,CUST0117,2024-08,10733.6,174.8,25
USG01970,CUST0260,2024-05,3244.7,149.9,26
USG01971,CUST0233,2024-01,4815.9,86.9,28
USG01972,CUST0476,2024-09,10357.4,54.5,15
USG01973,CUST0117,2024-03,5091.8,172.6,32
USG01974,CUST0341,2024-02,6689.0,157.3,20
USG01975,CUST0273,2024-11,12982.3,183.7,24
USG01976,CUST0071,2024-05,9398.3,91.3,20
USG01977,CUST0118,2024-06,4225.4,136.7,35
USG01978,CUST0338,2024-08,2703.7,46.5,28
USG01979,CUST0121,2024-10,1784.4,70.5,30
USG01980,CUST0270,2024-12,6497.2,151.0,23
USG01981,CUST0350,2024-02,18464.4,73.0,32
USG01982,CUST0404,2024-09,6855.5,101.5,30
USG01983,CUST0118,2024-06,1051.1,101.9,28
USG01984,CUST0196,2024-06,3867.8,102.4,26
USG01985,CUST0185,2024-01,17199.8,252.3,31
USG01986,CUST0354,2024-05,5658.6,138.9,25
USG01987,CUST0456,2024-12,5716.3,216.5,27
USG01988,CUST0406,2024-04,1779.9,72.2,36
USG01989,CUST0463,2024-05,2573.0,101.9,19
USG01990,CUST0094,2024-12,9429.6,158.2,18
USG01991,CUST0411,2024-10,7671.4,81.7,26
USG01992,CUST0147,2024-04,16012.3,67.1,27
USG01993,CUST0018,2024-04,16287.3,277.3,38
USG01994,CUST0096,2024-05,14630.3,102.4,14
USG01995,CUST0467,2024-12,10540.3,115.5,32
USG01996,CUST0442,2024-08,11715.6,30.6,29
USG01997,CUST0367,2024-08,3834.5,81.5,20
USG01998,CUST0018,2024-12,4914.4,35.4,15
USG01999,CUST0465,2024-09,10712.3,53.6,25
USG02000,CUST0166,2024-03,14596.7,68.7,26
USG02001,CUST0242,2024-12,6255.9,68.0,34
USG02002,CUST0109,2024-06,19072.3,11.8,27
USG02003,CUST0261,2024-08,6808.7,56.6,19
USG02004,CUST0365,2024-05,2605.7,128.0,25
USG02005,CUST0144,2024-06,7655.4,331.8,32
USG02006,CUST0313,2024-05,6396.5,20.6,23
USG02007,CUST0318,2024-04,9585.6,149.5,23
USG02008,CUST0479,2024-01,2536.3,81.1,29
USG02009,CUST0493,2024-06,18065.5,26.7,32
USG02010,CUST0307,2024-03,6027.5,57.1,17
USG02011,CUST0029,2024-12,5321.1,201.0,30
USG02012,CUST0154,2024-07,5619.2,123.3,24
USG02013,CUST0252,2024-11,6810.7,73.3,28
USG02014,CUST0083,2024-05,6393.1,74.3,28
USG02015,CUST0008,2024-10,3454.5,79.9,28
USG02016,CUST0460,2024-09,6837.4,78.7,26
USG02017,CUST0454,2024-01,13185.2,24.2,29
USG02018,CUST0196,2024-04,10264.1,109.5,26
USG02019,CUST0185,2024-04,5359.0,57.2,17
USG02020,CUST0322,2024-07,14636.8,13.5,23
USG02021,CUST0325,2024-11,4604.0,139.1,25
USG02022,CUST0120,2024-03,6865.6,121.6,30
USG02023,CUST0428,2024-07,15469.5,154.3,17
USG02024,CUST0202,2024-05,18638.2,194.7,35
USG02025,CUST0497,2024-10,5226.0,34.1,30
USG02026,CUST0403,2024-12,17119.8,32.8,23
USG02027,CUST0030,2024-09,14759.9,86.5,31
USG02028,CUST0106,2024-03,9565.2,136.2,29
USG02029,CUST0496,2024-08,8715.4,27.0,25
USG02030,CUST0397,2024-07,9143.3,23.7,31
USG02031,CUST0254,2024-12,6074.4,33.3,29
USG02032,CUST0485,2024-08,5046.3,63.8,29
USG02033,CUST0140,2024-05,17074.6,67.5,32
USG02034,CUST0075,2024-07,3308.3,105.2,23
USG02035,CUST0350,2024-05,8819.6,53.5,34
USG02036,CUST0341,2024-07,14303.8,38.8,25
USG02037,CUST0053,2024-03,8559.7,59.6,19
USG02038,CUST0420,2024-08,5834.1,241.6,25
USG02039,CUST0381,2024-05,5708.4,217.5,24
USG02040,CUST0332,2024-09,3533.5,256.7,20
USG02041,CUST0221,2024-11,5540.2,50.1,27
USG02042,CUST0054,2024-08,8129.0,51.4,25
USG02043,CUST0039,2024-06,6279.2,77.0,27
USG02044,CUST0282,2024-01,20290.0,55.9,20
USG02045,CUST0113,2024-12,18401.2,266.0,33
USG02046,CUST0400,2024-01,2756.2,196.2,15
USG02047,CUST0342,2024-11,3134.0,380.7,28
USG02048,CUST0444,2024-06,10683.0,273.1,24
USG02049,CUST0055,2024-01,12364.1,38.8,26
USG02050,CUST0392,2024-08,13879.5,62.8,23
USG02051,CUST0413,2024-07,12903.4,141.2,22
USG02052,CUST0436,2024-09,9538.2,293.1,28
USG02053,CUST0396,2024-03,6728.2,270.1,25
USG02054,CUST0254,2024-06,3719.1,246.7,23
USG02055,CUST0249,2024-09,6204.3,107.0,22
USG02056,CUST0307,2024-03,1802.3,53.1,32
USG02057,CUST0395,2024-12,6047.7,41.3,31
USG02058,CUST0188,2024-11,10904.3,86.7,28
USG02059,CUST0089,2024-09,4601.3,29.6,27
USG02060,CUST0256,2024-10,14543.4,88.9,26
USG02061,CUST0400,2024-08,6873.4,206.1,23
USG02062,CUST0381,2024-04,3034.2,190.8,23
USG02063,CUST0001,2024-06,10804.2,90.9,28
USG02064,CUST0025,2024-06,6990.6,182.3,19
USG02065,CUST0170,2024-09,7375.7,89.3,38
USG02066,CUST0109,2024-04,3298.6,182.9,21
USG02067,CUST0307,2024-09,14604.5,56.9,26
USG02068,CUST0212,2024-12,5490.3,45.8,14
USG02069,CUST0147,2024-10,5375.5,39.6,36
USG02070,CUST0018,2024-08,7474.9,55.6,25
USG02071,CUST0474,2024-11,9988.5,93.9,27
USG02072,CUST0207,2024-12,9806.5,85.8,23
USG02073,CUST0427,2024-11,1291.7,85.0,27
USG02074,CUST0250,2024-10,10096.3,245.4,22
USG02075,CUST0083,2024-05,1359.7,196.0,29
USG02076,CUST0212,2024-09,9308.1,105.4,29
USG02077,CUST0044,2024-11,14588.4,39.7,31
USG02078,CUST0270,2024-04,5762.1,114.2,17
USG02079,CUST0408,2024-07,21552.9,81.1,17
USG02080,CUST0227,2024-10,8433.0,112.1,18
USG02081,CUST0212,2024-10,5886.0,117.8,25
USG02082,CUST0110,2024-12,12310.0,280.9,22
USG02083,CUST0265,2024-04,18892.2,75.9,16
USG02084,CUST0444,2024-11,15166.9,67.6,23
USG02085,CUST0221,2024-11,4492.8,289.5,29
USG02086,CUST0145,2024-11,11606.5,182.5,18
USG02087,CUST0351,2024-05,13711.2,100.9,35
USG02088,CUST0424,2024-12,15938.6,74.7,24
USG02089,CUST0266,2024-07,5619.6,348.1,29
USG02090,CUST0415,2024-01,14680.6,139.2,29
USG02091,CUST0252,2024-04,1097.8,121.4,22
USG02092,CUST0017,2024-07,4395.4,80.9,22
USG02093,CUST0424,2024-02,10616.5,127.8,24
USG02094,CUST0044,2024-03,13406.9,20.1,17
USG02095,CUST0422,2024-03,9975.8,14.5,23
USG02096,CUST0444,2024-05,9152.5,208.2,26
USG02097,CUST0381,2024-02,2238.7,59.3,21
USG02098,CUST0040,2024-08,12464.2,28.5,24
USG02099,CUST0475,2024-07,5702.9,99.8,28
USG02100,CUST0062,2024-09,6872.7,167.4,25
USG02101,CUST0322,2024-12,21646.6,177.1,32
USG02102,CUST0465,2024-06,9105.9,58.9,20
USG02103,CUST0138,2024-02,6466.1,29.8,15
USG02104,CUST0325,2024-10,5761.6,52.9,23
USG02105,CUST0433,2024-05,10853.9,81.1,17
USG02106,CUST0366,2024-02,5615.9,178.5,32
USG02107,CUST0469,2024-01,7880.7,76.8,25
USG02108,CUST0027,2024-02,3608.3,91.2,27
USG02109,CUST0126,2024-06,8743.4,130.6,29
USG02110,CUST0029,2024-06,10079.5,95.9,25
USG02111,CUST0047,2024-02,2277.7,28.8,24
USG02112,CUST0256,2024-04,19788.7,47.5,22
USG02113,CUST0106,2024-05,5444.3,256.2,17
USG02114,CUST0100,2024-06,7165.1,40.2,19
USG02115,CUST0345,2024-12,8249.0,46.7,22
USG02116,CUST0420,2024-12,1452.6,98.5,23
USG02117,CUST0397,2024-11,8963.2,48.3,17
USG02118,CUST0407,2024-05,6010.5,123.1,25
USG02119,CUST0262,2024-07,7018.9,60.7,23
USG02120,CUST0402,2024-10,4790.7,79.8,27
USG02121,CUST0444,2024-11,15305.6,17.5,26
USG02122,CUST0422,2024-12,2905.9,154.6,18
USG02123,CUST0191,2024-02,5213.1,33.8,24
USG02124,CUST0177,2024-10,3082.9,291.6,24
USG02125,CUST0331,2024-02,4444.3,155.7,36
USG02126,CUST0206,2024-08,17010.6,419.9,17
USG02127,CUST0102,2024-01,5321.9,172.8,27
USG02128,CUST0343,2024-01,11233.4,81.9,20
USG02129,CUST0299,2024-08,12279.2,147.5,33
USG02130,CUST0435,2024-09,6165.8,236.7,25
USG02131,CUST0200,2024-04,8127.5,97.5,22
USG02132,CUST0189,2024-02,16848.9,25.4,19
USG02133,CUST0420,2024-09,17957.2,42.2,20
USG02134,CUST0040,2024-09,4376.2,54.2,21
USG02135,CUST0008,2024-11,17507.1,76.7,20
USG02136,CUST0281,2024-07,10091.1,392.5,22
USG02137,CUST0061,2024-06,4442.0,104.6,25
USG02138,CUST0367,2024-01,8202.7,68.9,26
USG02139,CUST0175,2024-03,5738.2,96.3,36
USG02140,CUST0452,2024-07,4861.4,448.3,16
USG02141,CUST0498,2024-10,14502.3,90.7,20
USG02142,CUST0053,2024-10,12060.3,126.8,21
USG02143,CUST0173,2024-12,5445.6,219.1,25
USG02144,CUST0189,2024-09,10739.8,120.3,23
USG02145,CUST0170,2024-06,3486.4,79.7,21
USG02146,CUST0441,2024-06,6598.5,15.2,27
USG02147,CUST0182,2024-09,5549.0,160.7,25
USG02148,CUST0163,2024-05,8598.5,194.7,22
USG02149,CUST0124,2024-06,24191.4,98.2,31
USG02150,CUST0157,2024-09,5151.2,14.4,22
USG02151,CUST0486,2024-07,15717.9,280.2,23
USG02152,CUST0018,2024-01,11752.6,61.9,18
USG02153,CUST0390,2024-11,15499.8,166.8,20
USG02154,CUST0120,2024-08,6602.7,180.0,22
USG02155,CUST0219,2024-04,10619.6,258.5,17
USG02156,CUST0473,2024-04,9154.1,69.0,31
USG02157,CUST0181,2024-12,8328.9,90.8,25
USG02158,CUST0096,2024-03,11881.2,591.0,23
USG02159,CUST0188,2024-07,15857.0,137.0,29
USG02160,CUST0388,2024-03,18707.5,58.1,23
USG02161,CUST0406,2024-01,8543.4,211.2,34
USG02162,CUST0162,2024-07,5926.1,53.0,31
USG02163,CUST0197,2024-04,10605.4,160.4,27
USG02164,CUST0009,2024-07,13032.5,170.5,28
USG02165,CUST0399,2024-03,4782.4,194.0,20
USG02166,CUST0173,2024-03,6037.9,21.7,25
USG02167,CUST0444,2024-06,14584.0,221.8,27
USG02168,CUST0219,2024-05,4357.8,16.0,24
USG02169,CUST0400,2024-12,2000.9,48.2,22
USG02170,CUST0479,2024-10,10573.3,101.1,24
USG02171,CUST0486,2024-11,6297.0,266.5,23
USG02172,CUST0470,2024-07,15235.3,149.4,19
USG02173,CUST0033,2024-02,11951.2,289.2,27
USG02174,CUST0402,2024-03,9907.8,106.7,24
USG02175,CUST0335,2024-01,7930.8,179.7,16
USG02176,CUST0166,2024-12,15748.4,165.4,31
USG02177,CUST0486,2024-01,7787.0,199.8,22
USG02178,CUST0239,2024-03,3681.8,14.5,32
USG02179,CUST0487,2024-10,16165.0,45.5,32
USG02180,CUST0176,2024-05,17397.3,357.4,29
USG02181,CUST0477,2024-04,8686.6,15.9,26
USG02182,CUST0436,2024-10,13323.8,50.3,14
USG02183,CUST0192,2024-07,2542.0,5.5,27
USG02184,CUST0500,2024-06,1097.4,85.3,16
USG02185,CUST0121,2024-03,8318.8,109.9,26
USG02186,CUST0435,2024-07,10691.1,160.9,32
USG02187,CUST0013,2024-10,10887.2,10.7,27
USG02188,CUST0344,2024-04,7466.4,62.2,19
USG02189,CUST0476,2024-07,2099.8,120.3,24
USG02190,CUST0433,2024-03,6165.9,49.2,24
USG02191,CUST0487,2024-12,4004.3,73.6,28
USG02192,CUST0050,2024-05,20513.2,46.7,26
USG02193,CUST0223,2024-01,11222.7,53.4,30
USG02194,CUST0300,2024-04,7827.6,260.7,23
USG02195,CUST0145,2024-07,4488.8,54.0,21
USG02196,CUST0342,2024-06,8473.0,42.4,28
USG02197,CUST0339,2024-03,8757.4,84.9,21
USG02198,CUST0445,2024-04,801.5,88.8,30
USG02199,CUST0032,2024-11,8918.1,86.0,29
USG02200,CUST0081,2024-11,12307.2,327.8,22
USG02201,CUST0402,2024-11,11706.7,90.7,18
USG02202,CUST0415,2024-08,2380.8,291.5,23
USG02203,CUST0229,2024-11,9761.6,328.7,17
USG02204,CUST0303,2024-07,8774.9,128.4,28
USG02205,CUST0024,2024-05,16183.1,63.2,19
USG02206,CUST0442,2024-02,5096.3,329.9,20
USG02207,CUST0487,2024-02,13970.1,236.6,39
USG02208,CUST0266,2024-01,13245.4,132.8,22
USG02209,CUST0489,2024-10,15354.0,13.9,32
USG02210,CUST0402,2024-06,25368.3,18.0,27
USG02211,CUST0134,2024-11,7655.9,50.3,16
USG02212,CUST0050,2024-11,2695.9,197.0,29
USG02213,CUST0134,2024-02,5988.8,32.1,21
USG02214,CUST0081,2024-11,10136.7,34.0,26
USG02215,CUST0009,2024-10,22389.7,101.9,30
USG02216,CUST0067,2024-03,8521.0,204.4,19
USG02217,CUST0034,2024-03,14192.1,25.0,19
USG02218,CUST0479,2024-02,34705.6,198.9,26
USG02219,CUST0331,2024-08,7993.6,112.6,24
USG02220,CUST0106,2024-09,6990.6,42.3,21
USG02221,CUST0270,2024-01,8549.7,105.3,28
USG02222,CUST0390,2024-02,9849.1,73.0,31
USG02223,CUST0087,2024-12,10264.3,36.0,24
USG02224,CUST0086,2024-02,5485.9,39.5,26
USG02225,CUST0208,2024-06,11783.8,145.4,26
USG02226,CUST0140,2024-12,15557.0,74.2,25
USG02227,CUST0332,2024-02,12846.1,79.5,15
USG02228,CUST0476,2024-10,11065.1,90.2,24
USG02229,CUST0322,2024-04,8208.9,177.5,23
USG02230,CUST0266,2024-11,5218.4,286.8,20
USG02231,CUST0281,2024-05,5384.5,118.5,26
USG02232,CUST0281,2024-02,12708.4,129.8,29
USG02233,CUST0319,2024-08,10424.5,91.7,23
USG02234,CUST0087,2024-08,13201.6,204.2,31
USG02235,CUST0278,2024-02,9292.8,143.8,34
USG02236,CUST0473,2024-11,1241.5,58.9,18
USG02237,CUST0107,2024-08,4857.7,156.6,24
USG02238,CUST0462,2024-03,13698.1,51.4,26
USG02239,CUST0467,2024-09,3535.0,178.4,21
USG02240,CUST0413,2024-08,11499.0,56.2,25
USG02241,CUST0340,2024-01,8519.9,91.1,20
USG02242,CUST0085,2024-12,8341.1,266.3,26
USG02243,CUST0083,2024-07,7154.8,9.7,25
USG02244,CUST0406,2024-01,10186.2,139.9,20
USG02245,CUST0058,2024-10,9588.9,159.4,23
USG02246,CUST0105,2024-02,8674.9,28.9,21
USG02247,CUST0181,2024-02,14200.7,357.9,23
USG02248,CUST0221,2024-04,11870.6,110.7,26
USG02249,CUST0088,2024-10,1691.8,83.3,24
USG02250,CUST0161,2024-07,3224.8,323.0,25
USG02251,CUST0244,2024-07,4352.8,34.8,19
USG02252,CUST0498,2024-11,14340.2,46.5,16
USG02253,CUST0130,2024-01,9504.8,90.8,29
USG02254,CUST0384,2024-09,8263.3,95.2,25
USG02255,CUST0157,2024-02,9569.0,75.7,24
USG02256,CUST0202,2024-08,12680.5,53.9,25
USG02257,CUST0134,2024-02,4896.5,193.6,23
USG02258,CUST0260,2024-03,6770.7,32.5,26
USG02259,CUST0161,2024-11,2996.8,166.0,27
USG02260,CUST0031,2024-04,5160.3,26.6,24
USG02261,CUST0136,2024-11,14121.1,99.8,28
USG02262,CUST0370,2024-11,12044.5,72.6,15
USG02263,CUST0319,2024-11,8494.1,68.6,29
USG02264,CUST0357,2024-03,7467.7,391.7,24
USG02265,CUST0128,2024-02,7247.8,241.4,23
USG02266,CUST0120,2024-06,5667.0,96.8,28
USG02267,CUST0170,2024-11,9270.4,33.0,19
USG02268,CUST0497,2024-08,14623.4,265.8,17
USG02269,CUST0009,2024-04,7848.4,93.4,22
USG02270,CUST0097,2024-07,5556.9,189.0,26
USG02271,CUST0259,2024-07,7310.6,62.5,24
USG02272,CUST0159,2024-01,3870.4,46.0,29
USG02273,CUST0322,2024-12,7032.8,15.3,34
USG02274,CUST0229,2024-09,5644.4,70.8,27
USG02275,CUST0224,2024-06,13689.6,79.3,31
USG02276,CUST0406,2024-05,11914.8,361.4,31
USG02277,CUST0484,2024-09,6188.9,17.6,33
USG02278,CUST0439,2024-09,3095.8,212.0,24
USG02279,CUST0029,2024-10,11488.2,218.8,25
USG02280,CUST0492,2024-03,5610.6,127.8,25
USG02281,CUST0128,2024-07,7270.3,178.2,24
USG02282,CUST0384,2024-12,8547.3,58.6,27
USG02283,CUST0040,2024-12,12348.0,24.1,34
USG02284,CUST0066,2024-03,11848.2,222.5,28
USG02285,CUST0024,2024-09,9938.4,167.9,30
USG02286,CUST0487,2024-02,9602.9,21.9,23
USG02287,CUST0225,2024-12,6646.5,90.5,15
USG02288,CUST0349,2024-03,16257.1,38.3,16
USG02289,CUST0088,2024-02,13690.7,79.6,27
USG02290,CUST0055,2024-12,6682.6,156.7,24
USG02291,CUST0202,2024-11,7565.3,83.6,21
USG02292,CUST0222,2024-03,406.3,116.3,30
USG02293,CUST0165,2024-12,16517.8,17.7,30
USG02294,CUST0467,2024-08,6731.7,105.7,33
USG02295,CUST0274,2024-10,6378.3,120.1,28
USG02296,CUST0358,2024-08,1929.4,51.2,19
USG02297,CUST0116,2024-03,3124.4,8.0,28
USG02298,CUST0404,2024-01,16040.6,112.8,31
USG02299,CUST0039,2024-03,7219.8,224.2,27
USG02300,CUST0050,2024-05,1029.9,221.8,21
USG02301,CUST0487,2024-10,11616.5,98.9,30
USG02302,CUST0021,2024-10,14681.6,114.9,20
USG02303,CUST0437,2024-05,2089.3,79.6,25
USG02304,CUST0299,2024-12,19408.6,8.0,13
USG02305,CUST0103,2024-02,3215.0,125.6,22
USG02306,CUST0002,2024-02,14326.4,196.2,20
USG02307,CUST0048,2024-10,6630.3,29.3,35
USG02308,CUST0033,2024-05,7733.7,167.2,40
USG02309,CUST0175,2024-08,4725.7,52.4,24
USG02310,CUST0111,2024-07,6376.5,174.8,24
USG02311,CUST0207,2024-02,9815.8,306.9,20
USG02312,CUST0210,2024-03,8871.6,91.3,25
USG02313,CUST0319,2024-07,5656.7,203.5,20
USG02314,CUST0459,2024-03,13779.2,96.2,24
USG02315,CUST0043,2024-10,8619.9,34.5,31
USG02316,CUST0241,2024-06,9714.2,123.3,20
USG02317,CUST0177,2024-09,12514.5,32.0,29
USG02318,CUST0344,2024-04,12562.3,94.4,28
USG02319,CUST0465,2024-09,13830.6,165.3,27
USG02320,CUST0024,2024-11,12724.7,157.7,29
USG02321,CUST0120,2024-10,11070.1,98.5,30
USG02322,CUST0087,2024-09,9209.0,222.1,16
USG02323,CUST0162,2024-09,6159.9,56.4,27
USG02324,CUST0422,2024-01,8249.6,191.8,30
USG02325,CUST0212,2024-05,5711.8,34.0,23
USG02326,CUST0247,2024-03,6026.1,23.7,27
USG02327,CUST0166,2024-01,4738.1,17.3,28
USG02328,CUST0305,2024-02,5758.5,51.1,19
USG02329,CUST0442,2024-04,12126.3,209.1,23
USG02330,CUST0140,2024-03,1336.1,11.0,26
USG02331,CUST0430,2024-12,3778.0,49.3,23
USG02332,CUST0299,2024-08,6138.1,206.9,18
USG02333,CUST0201,2024-02,14260.5,60.3,35
USG02334,CUST0356,2024-08,5330.4,140.9,34
USG02335,CUST0107,2024-01,8200.5,63.6,29
USG02336,CUST0189,2024-06,10741.3,47.8,27
USG02337,CUST0207,2024-08,7283.4,149.3,19
USG02338,CUST0075,2024-05,3045.7,144.8,27
USG02339,CUST0360,2024-11,4666.7,103.7,28
USG02340,CUST0229,2024-12,4173.8,83.3,28
USG02341,CUST0143,2024-03,5070.6,73.1,28
USG02342,CUST0040,2024-03,3404.8,33.4,18
USG02343,CUST0433,2024-01,9331.0,256.8,26
USG02344,CUST0085,2024-07,10732.9,106.4,27
USG02345,CUST0218,2024-06,771.0,56.6,36
USG02346,CUST0267,2024-08,5183.5,28.9,23
USG02347,CUST0038,2024-07,7191.0,58.9,15
USG02348,CUST0214,2024-02,13510.0,63.4,17
USG02349,CUST0029,2024-06,5713.3,172.2,29
USG02350,CUST0460,2024-01,12992.4,80.7,24
USG02351,CUST0189,2024-10,3584.2,110.8,22
USG02352,CUST0040,2024-06,4214.5,67.1,30
USG02353,CUST0333,2024-01,3778.2,180.4,21
USG02354,CUST0166,2024-04,1799.3,26.6,29
USG02355,CUST0248,2024-09,20400.5,391.4,36
USG02356,CUST0162,2024-01,21527.9,136.7,28
USG02357,CUST0303,2024-11,7127.3,114.2,23
USG02358,CUST0266,2024-10,16699.7,19.6,24
USG02359,CUST0178,2024-12,3199.6,159.8,26
USG02360,CUST0469,2024-10,5528.9,79.4,24
USG02361,CUST0140,2024-01,5276.2,75.6,25
USG02362,CUST0124,2024-11,6965.3,58.7,17
USG02363,CUST0467,2024-12,2530.0,21.7,28
USG02364,CUST0130,2024-05,3395.9,11.3,27
USG02365,CUST0325,2024-07,9165.6,54.2,18
USG02366,CUST0157,2024-01,5982.9,42.1,18
USG02367,CUST0181,2024-07,5389.9,33.8,23
USG02368,CUST0398,2024-08,1919.1,255.2,25
USG02369,CUST0181,2024-04,3491.0,117.9,23
USG02370,CUST0180,2024-09,3565.9,221.9,19
USG02371,CUST0248,2024-01,5158.9,105.0,17
USG02372,CUST0054,2024-02,16241.4,87.9,23
USG02373,CUST0023,2024-06,3979.5,325.1,23
USG02374,CUST0281,2024-07,16306.3,178.2,33
USG02375,CUST0258,2024-01,7421.4,26.5,22
USG02376,CUST0180,2024-03,9774.3,191.4,20
USG02377,CUST0366,2024-02,18221.4,71.1,27
USG02378,CUST0255,2024-11,13745.9,277.4,19
USG02379,CUST0448,2024-10,8909.1,114.3,23
USG02380,CUST0081,2024-07,2572.1,27.4,19
USG02381,CUST0366,2024-04,3539.6,283.1,19
USG02382,CUST0342,2024-08,2970.6,89.8,31
USG02383,CUST0289,2024-09,13608.9,87.3,19
USG02384,CUST0185,2024-11,4922.2,235.3,19
USG02385,CUST0192,2024-07,4031.5,179.3,22
USG02386,CUST0061,2024-12,19195.9,5.5,21
USG02387,CUST0123,2024-10,6770.5,42.2,16
USG02388,CUST0460,2024-01,8620.0,275.1,25
USG02389,CUST0141,2024-01,14286.8,79.2,28
USG02390,CUST0448,2024-09,11108.5,429.7,18
USG02391,CUST0437,2024-06,7309.5,117.7,33
USG02392,CUST0265,2024-12,4854.5,183.9,29
USG02393,CUST0203,2024-08,9813.2,163.9,16
USG02394,CUST0078,2024-04,13007.3,9.6,45
USG02395,CUST0452,2024-06,16900.4,96.9,17
USG02396,CUST0485,2024-09,1467.0,19.3,25
USG02397,CUST0444,2024-08,8575.8,211.2,25
USG02398,CUST0334,2024-03,5437.6,143.3,22
USG02399,CUST0197,2024-03,7811.8,118.9,24
USG02400,CUST0255,2024-01,11872.6,302.8,24
USG02401,CUST0066,2024-10,5386.3,318.7,21
USG02402,CUST0301,2024-11,4075.1,40.4,24
USG02403,CUST0033,2024-08,6040.8,143.8,33
USG02404,CUST0398,2024-03,8591.2,22.6,28
USG02405,CUST0497,2024-11,11952.1,150.6,25
USG02406,CUST0425,2024-10,4442.7,85.4,25
USG02407,CUST0279,2024-03,15748.7,37.4,25
USG02408,CUST0063,2024-08,5890.2,103.6,18
USG02409,CUST0258,2024-04,1786.0,204.8,29
USG02410,CUST0344,2024-09,4990.4,237.4,18
USG02411,CUST0212,2024-07,7780.0,81.2,24
USG02412,CUST0401,2024-03,10892.7,125.1,21
USG02413,CUST0221,2024-01,7087.2,147.0,24
USG02414,CUST0239,2024-07,17683.1,86.5,23
USG02415,CUST0316,2024-12,20645.9,129.2,20
USG02416,CUST0045,2024-05,5659.1,60.5,21
USG02417,CUST0305,2024-11,9601.7,61.0,21
USG02418,CUST0349,2024-10,10793.7,69.5,25
USG02419,CUST0238,2024-06,3498.9,7.6,29
USG02420,CUST0101,2024-01,5393.3,162.5,26
USG02421,CUST0341,2024-02,6769.5,40.3,21
USG02422,CUST0039,2024-01,10617.2,249.8,24
USG02423,CUST0164,2024-07,10693.5,115.8,19
USG02424,CUST0407,2024-08,14231.4,35.4,16
USG02425,CUST0211,2024-09,5778.1,149.4,21
USG02426,CUST0222,2024-09,11405.8,76.1,28
USG02427,CUST0202,2024-10,6088.6,97.4,19
USG02428,CUST0089,2024-08,14450.3,50.7,34
USG02429,CUST0013,2024-06,3254.5,44.4,24
USG02430,CUST0185,2024-11,3807.0,64.2,28
USG02431,CUST0448,2024-09,5930.6,147.8,20
USG02432,CUST0076,2024-09,5189.8,79.7,27
USG02433,CUST0143,2024-07,4026.7,347.1,19
USG02434,CUST0283,2024-07,8357.6,78.6,26
USG02435,CUST0290,2024-07,28697.8,148.4,26
USG02436,CUST0353,2024-11,8600.2,100.4,26
USG02437,CUST0202,2024-01,2445.0,166.9,21
USG02438,CUST0035,2024-01,14158.4,141.1,29
USG02439,CUST0325,2024-12,3101.8,160.8,32
USG02440,CUST0103,2024-09,16393.5,96.9,29
USG02441,CUST0397,2024-02,3058.6,72.3,26
USG02442,CUST0143,2024-12,9947.8,62.4,24
USG02443,CUST0306,2024-02,7358.4,56.6,29
USG02444,CUST0498,2024-03,9456.5,113.5,31
USG02445,CUST0036,2024-12,5472.6,249.6,24
USG02446,CUST0125,2024-04,7891.5,48.7,33
USG02447,CUST0231,2024-08,2943.4,53.9,23
USG02448,CUST0175,2024-03,14846.1,159.0,20
USG02449,CUST0062,2024-04,4082.7,112.5,19
USG02450,CUST0130,2024-04,5596.1,109.5,29
USG02451,CUST0209,2024-06,7417.7,25.8,29
USG02452,CUST0487,2024-02,8943.3,23.8,28
USG02453,CUST0068,2024-05,6102.8,49.9,23
USG02454,CUST0054,2024-06,5096.4,46.7,32
USG02455,CUST0297,2024-05,8069.5,35.7,18
USG02456,CUST0415,2024-08,5766.1,204.3,23
USG02457,CUST0034,2024-01,12273.2,54.1,35
USG02458,CUST0219,2024-09,4026.8,48.1,24
USG02459,CUST0106,2024-07,10566.0,134.3,27
USG02460,CUST0407,2024-10,4620.4,193.0,19
USG02461,CUST0316,2024-03,12615.3,38.3,22
USG02462,CUST0162,2024-04,7908.7,242.6,27
USG02463,CUST0274,2024-01,2975.8,118.4,27
USG02464,CUST0062,2024-07,7421.4,149.6,20
USG02465,CUST0121,2024-04,14860.9,60.7,27
USG02466,CUST0192,2024-05,11913.1,173.4,22
USG02467,CUST0101,2024-05,23559.6,32.1,20
USG02468,CUST0011,2024-12,2154.5,287.3,21
USG02469,CUST0064,2024-11,14597.0,105.0,32
USG02470,CUST0367,2024-06,3645.4,171.0,28
USG02471,CUST0433,2024-09,12533.4,302.9,28
USG02472,CUST0182,2024-07,1770.3,152.2,27
USG02473,CUST0083,2024-05,1260.6,48.3,25
USG02474,CUST0489,2024-06,3385.4,414.2,20
USG02475,CUST0232,2024-07,16381.2,72.4,36
USG02476,CUST0492,2024-02,19418.2,168.5,19
USG02477,CUST0098,2024-01,16756.7,117.1,18
USG02478,CUST0382,2024-09,2423.0,15.2,19
USG02479,CUST0033,2024-05,8852.8,46.7,26
USG02480,CUST0373,2024-12,3928.8,10.2,27
USG02481,CUST0428,2024-08,7079.0,176.9,20
USG02482,CUST0138,2024-09,7734.9,163.8,32
USG02483,CUST0233,2024-10,10909.0,27.8,24
USG02484,CUST0145,2024-08,7387.7,273.6,21
USG02485,CUST0363,2024-07,6489.0,184.6,32
USG02486,CUST0460,2024-04,7581.0,87.5,25
USG02487,CUST0143,2024-03,16043.0,194.2,24
USG02488,CUST0252,2024-04,11118.5,211.5,23
USG02489,CUST0298,2024-10,8224.6,545.6,19
USG02490,CUST0322,2024-04,5101.4,118.0,22
USG02491,CUST0345,2024-08,15095.7,92.0,29
USG02492,CUST0451,2024-08,5064.0,333.0,23
USG02493,CUST0405,2024-12,14273.6,62.2,26
USG02494,CUST0426,2024-09,2714.1,84.9,15
USG02495,CUST0055,2024-11,13093.3,155.0,21
USG02496,CUST0133,2024-04,9058.9,70.1,16
USG02497,CUST0442,2024-07,6232.3,34.6,34
USG02498,CUST0281,2024-02,5006.5,21.8,31
USG02499,CUST0486,2024-06,3935.8,35.0,30
USG02500,CUST0372,2024-05,15364.0,84.8,28
USG02501,CUST0305,2024-01,16114.2,70.6,20
USG02502,CUST0381,2024-02,28455.3,138.6,29
USG02503,CUST0398,2024-10,2446.8,110.5,30
USG02504,CUST0485,2024-12,8146.7,180.5,17
USG02505,CUST0407,2024-04,8522.3,107.0,18
USG02506,CUST0159,2024-09,4538.4,212.2,23
USG02507,CUST0054,2024-10,10940.4,206.3,23
USG02508,CUST0221,2024-04,9153.6,24.9,28
USG02509,CUST0152,2024-02,6024.9,172.6,17
USG02510,CUST0040,2024-12,4618.9,109.3,24
USG02511,CUST0024,2024-12,5996.1,105.0,28
USG02512,CUST0456,2024-07,19649.7,125.9,17
USG02513,CUST0389,2024-08,5904.5,160.7,27
USG02514,CUST0303,2024-10,21033.1,59.5,25
USG02515,CUST0062,2024-07,16477.1,54.2,27
USG02516,CUST0165,2024-05,14050.5,70.4,22
USG02517,CUST0121,2024-12,7342.5,110.2,24
USG02518,CUST0270,2024-05,2726.5,48.9,16
USG02519,CUST0416,2024-12,743.2,47.3,21
USG02520,CUST0206,2024-03,13032.1,27.5,19
USG02521,CUST0071,2024-08,10502.0,50.7,25
USG02522,CUST0487,2024-07,12747.2,10.6,30
USG02523,CUST0442,2024-05,5092.6,72.5,22
USG02524,CUST0248,2024-03,16611.0,176.3,22
USG02525,CUST0143,2024-12,3439.9,75.4,18
USG02526,CUST0373,2024-10,5828.8,192.1,22
USG02527,CUST0255,2024-06,10511.8,100.2,23
USG02528,CUST0252,2024-04,4150.7,74.9,39
USG02529,CUST0083,2024-07,5226.6,213.0,27
USG02530,CUST0144,2024-05,11474.4,180.7,29
USG02531,CUST0311,2024-10,7553.5,15.5,23
USG02532,CUST0198,2024-06,4097.9,34.5,28
USG02533,CUST0341,2024-04,9128.6,71.5,16
USG02534,CUST0076,2024-09,12758.0,124.0,31
USG02535,CUST0432,2024-04,8003.6,113.1,25
USG02536,CUST0333,2024-07,6348.4,65.2,20
USG02537,CUST0029,2024-02,7502.1,178.5,35
USG02538,CUST0040,2024-04,12484.6,97.6,30
USG02539,CUST0144,2024-06,11102.9,12.5,18
USG02540,CUST0064,2024-06,1755.7,147.2,30
USG02541,CUST0118,2024-01,13281.8,36.4,35
USG02542,CUST0262,2024-11,8019.4,279.3,20
USG02543,CUST0309,2024-05,5007.5,47.3,27
USG02544,CUST0055,2024-10,13426.1,144.8,25
USG02545,CUST0462,2024-11,2335.0,283.1,12
USG02546,CUST0497,2024-06,5700.9,42.6,20
USG02547,CUST0495,2024-07,17099.0,236.9,26
USG02548,CUST0333,2024-02,5623.5,37.9,31
USG02549,CUST0062,2024-06,6091.3,60.2,31
USG02550,CUST0162,2024-01,7349.0,107.1,22
USG02551,CUST0056,2024-01,8034.2,109.6,18
USG02552,CUST0442,2024-06,4076.5,62.2,24
USG02553,CUST0080,2024-04,10812.5,256.6,31
USG02554,CUST0477,2024-03,6402.9,35.2,24
USG02555,CUST0035,2024-04,12583.6,80.4,29
USG02556,CUST0126,2024-11,6110.8,121.3,20
USG02557,CUST0411,2024-02,22181.4,183.3,28
USG02558,CUST0321,2024-02,9674.8,327.5,23
USG02559,CUST0325,2024-06,11600.9,183.0,21
USG02560,CUST0237,2024-05,10767.7,104.4,19
USG02561,CUST0306,2024-10,4862.8,163.7,24
USG02562,CUST0266,2024-06,5961.9,40.8,29
USG02563,CUST0238,2024-01,6245.7,119.2,27
USG02564,CUST0211,2024-02,10176.4,117.4,27
USG02565,CUST0060,2024-04,9031.7,46.8,30
USG02566,CUST0483,2024-03,5197.5,88.6,26
USG02567,CUST0083,2024-07,13198.1,231.5,29
USG02568,CUST0341,2024-09,11160.2,169.3,24
USG02569,CUST0035,2024-09,8041.7,71.6,21
USG02570,CUST0333,2024-11,11098.2,158.6,28
USG02571,CUST0381,2024-06,14882.7,102.3,21
USG02572,CUST0231,2024-06,9994.6,30.7,22
USG02573,CUST0335,2024-11,6805.4,120.8,18
USG02574,CUST0479,2024-01,2424.7,202.9,30
USG02575,CUST0254,2024-04,3453.8,129.2,25
USG02576,CUST0345,2024-03,11119.2,46.9,29
USG02577,CUST0007,2024-10,16786.5,13.1,21
USG02578,CUST0261,2024-11,16130.8,313.6,36
USG02579,CUST0140,2024-10,17253.4,161.4,21
USG02580,CUST0006,2024-09,13084.4,58.0,33
USG02581,CUST0390,2024-04,10009.9,295.6,20
USG02582,CUST0219,2024-10,8689.4,75.0,31
USG02583,CUST0077,2024-01,10873.1,103.7,28
USG02584,CUST0189,2024-12,5708.7,209.0,21
USG02585,CUST0101,2024-06,3363.2,44.9,25
USG02586,CUST0303,2024-09,22993.3,25.5,22
USG02587,CUST0278,2024-06,15126.5,145.4,31
USG02588,CUST0303,2024-05,4344.0,57.8,37
USG02589,CUST0366,2024-08,3270.1,61.5,22
USG02590,CUST0268,2024-01,4963.1,170.8,22
USG02591,CUST0489,2024-02,22569.0,17.0,25
USG02592,CUST0486,2024-06,2171.4,69.3,26
USG02593,CUST0465,2024-06,5686.4,51.5,23
USG02594,CUST0497,2024-06,5374.2,21.7,13
USG02595,CUST0311,2024-07,9021.3,19.6,22
USG02596,CUST0168,2024-03,13145.5,139.9,22
USG02597,CUST0018,2024-10,17881.1,126.8,23
USG02598,CUST0211,2024-02,7042.1,100.7,33
USG02599,CUST0110,2024-11,4695.1,53.2,34
USG02600,CUST0143,2024-10,1224.8,64.2,20
USG02601,CUST0275,2024-04,10227.3,260.0,19
USG02602,CUST0357,2024-08,6894.3,155.6,26
USG02603,CUST0362,2024-02,13146.0,175.4,28
USG02604,CUST0318,2024-12,14056.7,134.7,19
USG02605,CUST0124,2024-08,9915.9,39.5,22
USG02606,CUST0333,2024-04,7595.8,6.5,17
USG02607,CUST0325,2024-09,2149.8,106.4,20
USG02608,CUST0313,2024-04,7461.9,152.3,15
USG02609,CUST0262,2024-12,7966.9,117.1,28
USG02610,CUST0471,2024-08,8344.8,154.0,30
USG02611,CUST0316,2024-02,5422.2,235.0,33
USG02612,CUST0356,2024-08,13993.9,65.1,38
USG02613,CUST0032,2024-08,6501.8,72.3,23
USG02614,CUST0045,2024-07,6116.8,48.0,24
USG02615,CUST0123,2024-04,4891.8,140.1,16
USG02616,CUST0476,2024-11,6283.6,233.5,24
USG02617,CUST0290,2024-09,3015.6,29.9,25
USG02618,CUST0363,2024-01,3858.9,117.3,24
USG02619,CUST0416,2024-12,3064.1,25.4,20
USG02620,CUST0319,2024-07,9018.8,290.9,22
USG02621,CUST0002,2024-09,3745.5,65.5,23
USG02622,CUST0400,2024-02,11107.1,89.1,23
USG02623,CUST0313,2024-09,6686.7,109.5,21
USG02624,CUST0392,2024-08,19673.4,278.0,38
USG02625,CUST0267,2024-02,3482.6,241.4,26
USG02626,CUST0309,2024-02,5180.7,4.6,30
USG02627,CUST0145,2024-11,2650.8,68.8,32
USG02628,CUST0486,2024-09,13073.3,74.7,26
USG02629,CUST0479,2024-06,6354.2,121.1,18
USG02630,CUST0388,2024-04,8528.8,84.1,33
USG02631,CUST0415,2024-12,8452.4,157.3,33
USG02632,CUST0357,2024-07,3005.1,34.5,22
USG02633,CUST0409,2024-12,7065.3,73.5,34
USG02634,CUST0305,2024-03,10421.1,86.5,27
USG02635,CUST0360,2024-06,11125.9,28.4,29
USG02636,CUST0495,2024-06,8100.1,144.3,29
USG02637,CUST0456,2024-05,8137.6,38.4,20
USG02638,CUST0126,2024-12,5995.6,78.5,22
USG02639,CUST0207,2024-11,1199.0,48.5,24
USG02640,CUST0267,2024-08,13325.5,18.6,19
USG02641,CUST0319,2024-04,9144.4,329.4,30
USG02642,CUST0035,2024-04,7531.0,37.5,30
USG02643,CUST0361,2024-01,2325.1,19.3,24
USG02644,CUST0061,2024-02,2448.4,225.9,18
USG02645,CUST0442,2024-08,4934.7,131.8,16
USG02646,CUST0097,2024-06,4735.2,71.4,30
USG02647,CUST0413,2024-04,19010.2,54.1,34
USG02648,CUST0231,2024-11,13257.2,50.2,25
USG02649,CUST0479,2024-02,5894.5,399.9,23
USG02650,CUST0381,2024-08,1024.3,53.1,19
USG02651,CUST0011,2024-06,14912.1,47.2,22
USG02652,CUST0015,2024-03,11479.5,425.5,32
USG02653,CUST0251,2024-02,14300.0,78.9,24
USG02654,CUST0389,2024-01,5754.1,60.8,22
USG02655,CUST0040,2024-04,2782.6,164.9,24
USG02656,CUST0357,2024-12,5001.0,99.7,28
USG02657,CUST0180,2024-02,15404.0,124.6,25
USG02658,CUST0101,2024-03,5774.2,136.2,30
USG02659,CUST0387,2024-11,8895.1,221.2,25
USG02660,CUST0106,2024-07,4876.7,73.7,23
USG02661,CUST0007,2024-06,5160.1,30.8,22
USG02662,CUST0113,2024-07,2305.5,91.2,35
USG02663,CUST0159,2024-12,9983.6,116.0,21
USG02664,CUST0422,2024-08,13122.7,48.6,23
USG02665,CUST0332,2024-01,4024.5,74.3,28
USG02666,CUST0307,2024-06,7738.0,51.5,34
USG02667,CUST0143,2024-04,1740.8,317.5,30
USG02668,CUST0403,2024-09,6096.5,151.5,25
USG02669,CUST0089,2024-03,5983.7,159.9,20
USG02670,CUST0370,2024-10,10162.7,190.4,24
USG02671,CUST0028,2024-01,8696.9,145.1,24
USG02672,CUST0126,2024-10,3500.5,61.8,30
USG02673,CUST0045,2024-02,5372.9,129.0,17
USG02674,CUST0146,2024-10,5245.2,86.7,19
USG02675,CUST0426,2024-08,9301.1,199.9,24
USG02676,CUST0424,2024-05,4896.8,67.3,23
USG02677,CUST0249,2024-05,4809.2,160.2,23
USG02678,CUST0124,2024-01,14019.3,55.6,25
USG02679,CUST0050,2024-02,12528.4,66.4,26
USG02680,CUST0313,2024-12,7838.7,109.6,25
USG02681,CUST0139,2024-04,7417.6,90.6,18
USG02682,CUST0374,2024-01,15851.9,33.8,33
USG02683,CUST0366,2024-07,7770.8,50.1,26
USG02684,CUST0197,2024-08,8470.9,75.6,30
USG02685,CUST0282,2024-04,15036.0,161.7,21
USG02686,CUST0475,2024-11,5040.2,226.5,20
USG02687,CUST0219,2024-07,10541.0,50.5,23
USG02688,CUST0470,2024-05,9727.9,218.9,23
USG02689,CUST0094,2024-07,24964.3,113.4,28
USG02690,CUST0486,2024-12,2144.9,199.6,24
USG02691,CUST0496,2024-04,3803.6,30.3,28
USG02692,CUST0370,2024-01,6344.7,224.7,19
USG02693,CUST0415,2024-11,11309.4,62.7,17
USG02694,CUST0476,2024-02,11052.3,66.7,26
USG02695,CUST0390,2024-04,8951.4,51.5,20
USG02696,CUST0449,2024-12,8601.5,18.5,30
USG02697,CUST0415,2024-07,4235.8,62.1,19
USG02698,CUST0303,2024-11,16117.0,52.0,25
USG02699,CUST0148,2024-12,6559.9,70.1,25
USG02700,CUST0487,2024-06,2604.3,87.8,23
USG02701,CUST0398,2024-09,7103.0,164.9,24
USG02702,CUST0281,2024-09,16071.9,40.1,22
USG02703,CUST0484,2024-10,5561.4,103.2,28
USG02704,CUST0474,2024-09,9281.7,113.4,33
USG02705,CUST0281,2024-09,4517.8,83.9,17
USG02706,CUST0093,2024-11,3623.5,64.4,23
USG02707,CUST0120,2024-02,2670.9,98.8,17
USG02708,CUST0367,2024-01,19503.7,78.0,27
USG02709,CUST0239,2024-03,2240.8,63.2,32
USG02710,CUST0307,2024-01,6202.5,73.7,31
USG02711,CUST0144,2024-07,6009.7,109.9,23
USG02712,CUST0055,2024-11,8675.1,204.1,19
USG02713,CUST0335,2024-08,12511.2,181.4,29
USG02714,CUST0424,2024-06,5808.8,183.1,24
USG02715,CUST0272,2024-10,4491.0,63.6,22
USG02716,CUST0270,2024-11,7255.5,35.7,21
USG02717,CUST0397,2024-05,15457.8,212.1,21
USG02718,CUST0297,2024-06,917.3,116.9,23
USG02719,CUST0473,2024-02,3215.9,31.1,16
USG02720,CUST0013,2024-09,14087.8,152.4,23
USG02721,CUST0188,2024-01,3727.9,53.8,29
USG02722,CUST0165,2024-04,4047.0,61.3,19
USG02723,CUST0109,2024-04,8602.9,41.0,29
USG02724,CUST0245,2024-02,8437.9,379.1,36
USG02725,CUST0261,2024-08,11247.7,58.4,30
USG02726,CUST0054,2024-05,3190.8,86.1,24
USG02727,CUST0283,2024-05,11320.4,80.1,25
USG02728,CUST0019,2024-03,7019.2,305.1,28
USG02729,CUST0038,2024-06,5957.2,101.0,21
USG02730,CUST0130,2024-07,8324.1,260.7,27
USG02731,CUST0218,2024-09,14878.6,88.5,16
USG02732,CUST0007,2024-04,7373.8,102.9,18
USG02733,CUST0254,2024-08,8455.7,67.9,21
USG02734,CUST0269,2024-08,11609.0,62.3,22
USG02735,CUST0219,2024-05,6075.3,26.2,24
USG02736,CUST0194,2024-08,2925.9,180.0,17
USG02737,CUST0121,2024-02,3638.1,460.4,29
USG02738,CUST0212,2024-07,9215.3,217.6,32
USG02739,CUST0467,2024-12,13128.1,122.9,28
USG02740,CUST0343,2024-08,7545.6,68.8,33
USG02741,CUST0248,2024-09,6687.6,121.9,21
USG02742,CUST0360,2024-03,5604.2,106.8,22
USG02743,CUST0282,2024-07,7248.1,219.1,26
USG02744,CUST0426,2024-09,12927.4,33.8,29
USG02745,CUST0143,2024-06,15226.1,80.2,21
USG02746,CUST0500,2024-02,9168.2,393.0,20
USG02747,CUST0444,2024-10,25148.7,232.5,35
USG02748,CUST0254,2024-10,12686.4,86.7,25
USG02749,CUST0381,2024-03,12872.8,54.7,18
USG02750,CUST0127,2024-10,3439.7,123.0,25
USG02751,CUST0476,2024-09,2209.1,53.7,17
USG02752,CUST0406,2024-12,15890.4,111.4,29
USG02753,CUST0054,2024-07,4180.1,73.0,28
USG02754,CUST0420,2024-04,2454.4,79.7,28
USG02755,CUST0109,2024-02,10144.3,185.1,22
USG02756,CUST0116,2024-05,2803.1,135.2,37
USG02757,CUST0097,2024-10,6007.0,144.6,26
USG02758,CUST0098,2024-12,5302.4,117.6,28
USG02759,CUST0473,2024-09,1793.8,94.1,20
USG02760,CUST0440,2024-06,5440.7,142.5,22
USG02761,CUST0443,2024-12,7630.9,110.9,33
USG02762,CUST0061,2024-04,11828.8,201.2,22
USG02763,CUST0472,2024-01,6026.3,127.2,29
USG02764,CUST0228,2024-10,5148.8,173.2,24
USG02765,CUST0066,2024-09,9254.7,115.6,25
USG02766,CUST0283,2024-01,4182.9,49.5,33
USG02767,CUST0345,2024-05,8535.5,46.0,25
USG02768,CUST0120,2024-09,10495.2,120.7,23
USG02769,CUST0323,2024-08,8093.1,51.7,34
USG02770,CUST0149,2024-12,20417.6,85.9,26
USG02771,CUST0092,2024-01,1774.2,83.7,29
USG02772,CUST0313,2024-12,3767.4,77.5,19
USG02773,CUST0293,2024-10,4881.8,109.0,20
USG02774,CUST0242,2024-07,17951.4,129.1,28
USG02775,CUST0360,2024-04,3940.1,94.8,17
USG02776,CUST0122,2024-07,5726.1,253.8,28
USG02777,CUST0436,2024-10,2143.9,76.8,27
USG02778,CUST0443,2024-10,10519.4,6.1,23
USG02779,CUST0301,2024-04,3204.8,32.7,31
USG02780,CUST0400,2024-07,5395.4,37.8,29
USG02781,CUST0386,2024-06,9832.7,105.3,32
USG02782,CUST0159,2024-03,11590.9,184.0,18
USG02783,CUST0290,2024-02,6351.5,14.9,19
USG02784,CUST0270,2024-02,9291.6,53.0,22
USG02785,CUST0303,2024-10,3893.9,64.1,23
USG02786,CUST0285,2024-09,11567.7,258.6,21
USG02787,CUST0309,2024-01,17574.0,136.6,21
USG02788,CUST0133,2024-02,12601.9,83.2,29
USG02789,CUST0054,2024-03,8735.2,253.5,23
USG02790,CUST0036,2024-04,9452.0,36.5,21
USG02791,CUST0290,2024-02,16111.4,53.6,23
USG02792,CUST0444,2024-11,11729.5,7.7,18
USG02793,CUST0467,2024-09,17446.5,119.8,24
USG02794,CUST0224,2024-01,7594.2,119.4,25
USG02795,CUST0171,2024-08,5234.8,42.7,31
USG02796,CUST0325,2024-10,22289.3,87.4,20
USG02797,CUST0054,2024-11,9425.5,70.4,23
USG02798,CUST0229,2024-07,4510.0,108.4,28
USG02799,CUST0252,2024-03,5340.1,52.5,28
USG02800,CUST0395,2024-04,5764.6,161.9,27
USG02801,CUST0093,2024-02,5700.4,70.1,21
USG02802,CUST0444,2024-03,11866.8,70.5,28
USG02803,CUST0383,2024-08,2415.0,33.2,27
USG02804,CUST0192,2024-03,3501.2,139.8,25
USG02805,CUST0048,2024-03,4657.9,112.5,24
USG02806,CUST0469,2024-03,6403.0,80.9,25
USG02807,CUST0279,2024-03,5972.8,28.3,32
USG02808,CUST0305,2024-02,6328.4,307.1,26
USG02809,CUST0085,2024-02,9064.8,60.5,11
USG02810,CUST0476,2024-04,4992.6,82.1,26
USG02811,CUST0465,2024-01,11621.0,90.0,29
USG02812,CUST0289,2024-06,4313.1,88.1,19
USG02813,CUST0029,2024-01,27379.6,66.8,24
USG02814,CUST0072,2024-02,5659.8,14.2,28
USG02815,CUST0247,2024-07,11608.2,83.2,22
USG02816,CUST0075,2024-11,4050.7,4.7,23
USG02817,CUST0097,2024-09,11677.6,172.9,26
USG02818,CUST0402,2024-12,4964.7,30.5,20
USG02819,CUST0076,2024-06,13329.0,27.3,30
USG02820,CUST0274,2024-02,6589.5,76.4,25
USG02821,CUST0289,2024-11,4248.2,57.3,24
USG02822,CUST0486,2024-12,23930.5,125.4,29
USG02823,CUST0368,2024-06,5519.6,76.5,31
USG02824,CUST0390,2024-07,2508.8,106.0,24
USG02825,CUST0357,2024-05,7631.4,70.9,26
USG02826,CUST0431,2024-12,3384.5,164.0,20
USG02827,CUST0412,2024-01,9420.4,48.0,19
USG02828,CUST0336,2024-06,4351.4,121.5,24
USG02829,CUST0319,2024-09,7491.8,81.9,25
USG02830,CUST0024,2024-08,6384.8,105.8,24
USG02831,CUST0170,2024-04,8458.8,122.4,28
USG02832,CUST0489,2024-02,14967.9,30.9,22
USG02833,CUST0094,2024-10,7067.9,100.4,29
USG02834,CUST0332,2024-06,2181.1,15.6,23
USG02835,CUST0182,2024-01,18099.3,45.8,21
USG02836,CUST0294,2024-09,9673.0,128.5,29
USG02837,CUST0173,2024-05,6761.6,73.5,33
USG02838,CUST0189,2024-08,4778.3,242.7,21
USG02839,CUST0389,2024-08,17222.9,60.2,21
USG02840,CUST0044,2024-03,9611.0,17.0,16
USG02841,CUST0071,2024-09,14761.2,75.3,29
USG02842,CUST0281,2024-06,9942.5,159.9,24
USG02843,CUST0498,2024-04,15932.4,47.5,33
USG02844,CUST0337,2024-04,12619.0,78.6,28
USG02845,CUST0258,2024-06,13714.5,67.3,26
USG02846,CUST0349,2024-11,11222.6,110.6,20
USG02847,CUST0016,2024-05,18855.1,64.9,27
USG02848,CUST0218,2024-12,3820.6,292.1,22
USG02849,CUST0196,2024-11,5549.9,208.8,30
USG02850,CUST0344,2024-07,22185.3,180.9,26
USG02851,CUST0315,2024-06,7669.8,95.6,23
USG02852,CUST0332,2024-11,4531.0,130.6,23
USG02853,CUST0446,2024-10,8406.6,31.3,19
USG02854,CUST0406,2024-12,11005.7,168.9,24
USG02855,CUST0018,2024-09,16449.9,20.0,28
USG02856,CUST0124,2024-11,34680.6,204.2,22
USG02857,CUST0162,2024-06,9474.0,57.8,28
USG02858,CUST0080,2024-08,3932.3,117.9,26
USG02859,CUST0461,2024-02,7065.1,88.5,24
USG02860,CUST0053,2024-10,9067.3,158.8,23
USG02861,CUST0403,2024-08,2031.0,207.7,27
USG02862,CUST0402,2024-02,3901.9,113.6,27
USG02863,CUST0484,2024-10,10310.9,157.0,26
USG02864,CUST0366,2024-10,9981.8,62.6,27
USG02865,CUST0107,2024-05,11107.3,30.0,28
USG02866,CUST0381,2024-09,2152.3,200.7,25
USG02867,CUST0080,2024-06,15594.6,154.9,30
USG02868,CUST0189,2024-10,12285.5,73.2,26
USG02869,CUST0433,2024-09,7932.7,138.6,27
USG02870,CUST0027,2024-10,4727.3,99.3,31
USG02871,CUST0047,2024-05,6538.3,222.6,33
USG02872,CUST0320,2024-02,6729.3,10.6,33
USG02873,CUST0486,2024-11,12080.6,284.5,27
USG02874,CUST0185,2024-12,7547.8,78.5,24
USG02875,CUST0093,2024-06,11759.3,285.6,26
USG02876,CUST0261,2024-05,12109.0,152.5,20
USG02877,CUST0486,2024-06,3594.5,121.7,23
USG02878,CUST0144,2024-02,7783.4,17.5,29
USG02879,CUST0478,2024-09,12765.5,51.1,29
USG02880,CUST0126,2024-07,11562.8,77.0,23
USG02881,CUST0360,2024-07,4032.1,48.0,21
USG02882,CUST0297,2024-09,6453.2,273.9,24
USG02883,CUST0220,2024-05,7467.8,214.5,25
USG02884,CUST0070,2024-02,6374.1,85.0,23
USG02885,CUST0298,2024-04,4768.6,38.6,20
USG02886,CUST0437,2024-03,8650.5,109.7,27
USG02887,CUST0486,2024-09,15812.1,219.1,27
USG02888,CUST0479,2024-11,14877.4,84.8,17
USG02889,CUST0403,2024-02,6197.9,216.5,26
USG02890,CUST0313,2024-04,9298.3,126.2,21
USG02891,CUST0016,2024-03,10018.7,71.9,27
USG02892,CUST0111,2024-08,2301.7,45.6,28
USG02893,CUST0240,2024-07,16649.3,182.9,17
USG02894,CUST0066,2024-01,13557.0,179.8,28
USG02895,CUST0284,2024-03,3896.8,37.6,18
USG02896,CUST0440,2024-10,5820.5,35.8,22
USG02897,CUST0130,2024-02,11427.2,196.7,25
USG02898,CUST0093,2024-04,3176.1,78.9,28
USG02899,CUST0248,2024-02,9786.7,28.2,17
USG02900,CUST0402,2024-01,8658.5,124.6,30
USG02901,CUST0113,2024-12,3103.6,310.4,22
USG02902,CUST0284,2024-02,5249.8,474.8,21
USG02903,CUST0270,2024-12,5614.6,91.4,24
USG02904,CUST0458,2024-05,8176.0,233.7,22
USG02905,CUST0439,2024-05,3714.5,25.3,22
USG02906,CUST0101,2024-05,11313.1,45.0,29
USG02907,CUST0426,2024-03,8012.7,92.8,22
USG02908,CUST0444,2024-12,1882.6,28.5,21
USG02909,CUST0420,2024-09,19977.1,46.1,27
USG02910,CUST0395,2024-10,4755.8,51.8,31
USG02911,CUST0110,2024-08,15491.8,2.4,28
USG02912,CUST0439,2024-12,4285.8,170.7,29
USG02913,CUST0189,2024-02,12241.4,33.5,24
USG02914,CUST0209,2024-12,5556.4,59.7,28
USG02915,CUST0101,2024-03,9007.4,139.9,23
USG02916,CUST0487,2024-10,16552.6,146.3,28
USG02917,CUST0420,2024-10,9069.4,161.6,21
USG02918,CUST0498,2024-02,20883.9,20.1,20
USG02919,CUST0114,2024-09,2499.7,71.3,28
USG02920,CUST0101,2024-10,9719.6,298.4,19
USG02921,CUST0106,2024-09,21069.6,133.8,33
USG02922,CUST0430,2024-05,2635.8,138.1,38
USG02923,CUST0231,2024-04,3676.9,16.2,24
USG02924,CUST0248,2024-10,19948.2,216.3,24
USG02925,CUST0398,2024-07,9620.0,30.7,26
USG02926,CUST0486,2024-01,4076.2,45.5,26
USG02927,CUST0107,2024-08,7126.5,56.1,26
USG02928,CUST0260,2024-04,10059.1,9.4,22
USG02929,CUST0422,2024-03,9130.8,149.4,27
USG02930,CUST0332,2024-11,7709.2,27.3,17
USG02931,CUST0499,2024-02,15808.7,246.5,22
USG02932,CUST0470,2024-10,13758.2,150.6,29
USG02933,CUST0441,2024-07,18313.2,60.6,21
USG02934,CUST0282,2024-04,4661.8,67.4,23
USG02935,CUST0444,2024-01,4995.5,72.1,21
USG02936,CUST0002,2024-03,3342.6,70.2,20
USG02937,CUST0456,2024-08,7668.6,361.0,24
USG02938,CUST0398,2024-01,1740.5,177.1,16
USG02939,CUST0041,2024-08,3757.6,146.3,29
USG02940,CUST0219,2024-07,15614.4,149.6,21
USG02941,CUST0053,2024-06,33169.8,89.1,20
USG02942,CUST0089,2024-03,7666.3,66.3,27
USG02943,CUST0283,2024-03,2308.7,39.3,27
USG02944,CUST0491,2024-11,6194.6,320.1,19
USG02945,CUST0500,2024-10,2631.8,229.8,27
USG02946,CUST0333,2024-05,10282.8,210.5,19
USG02947,CUST0075,2024-07,2694.1,55.1,21
USG02948,CUST0231,2024-01,5891.1,151.6,25
USG02949,CUST0071,2024-06,17137.0,40.8,22
USG02950,CUST0298,2024-05,16337.3,170.9,25
USG02951,CUST0300,2024-07,11063.2,79.3,23
USG02952,CUST0465,2024-01,7219.4,68.2,23
USG02953,CUST0098,2024-01,7152.3,60.0,29
USG02954,CUST0370,2024-09,7701.3,59.5,28
USG02955,CUST0189,2024-10,10684.4,37.6,27
USG02956,CUST0058,2024-11,4240.9,196.9,23
USG02957,CUST0290,2024-12,6451.3,56.2,26
USG02958,CUST0301,2024-08,19404.6,231.6,20
USG02959,CUST0320,2024-12,5506.4,101.6,19
USG02960,CUST0293,2024-02,15714.6,54.4,24
USG02961,CUST0145,2024-08,10747.2,183.4,29
USG02962,CUST0298,2024-09,7870.6,133.9,27
USG02963,CUST0212,2024-08,4515.9,191.9,27
USG02964,CUST0110,2024-08,6054.9,55.3,24
USG02965,CUST0157,2024-03,12562.8,62.2,25
USG02966,CUST0221,2024-02,5117.6,127.2,25
USG02967,CUST0307,2024-07,19655.9,16.6,27
USG02968,CUST0163,2024-08,9401.2,100.0,21
USG02969,CUST0283,2024-01,19016.3,56.5,24
USG02970,CUST0417,2024-05,8870.1,101.6,23
USG02971,CUST0470,2024-06,17662.8,101.7,28
USG02972,CUST0075,2024-04,14599.2,99.4,31
USG02973,CUST0008,2024-07,14083.4,317.8,27
USG02974,CUST0360,2024-12,8994.4,45.4,29
USG02975,CUST0381,2024-07,5533.0,33.7,29
USG02976,CUST0500,2024-01,4120.5,54.5,24
USG02977,CUST0076,2024-02,3093.4,13.9,25
USG02978,CUST0212,2024-05,5290.4,111.1,29
USG02979,CUST0052,2024-05,4669.0,160.3,35
USG02980,CUST0007,2024-03,10225.3,69.9,30
USG02981,CUST0066,2024-10,5435.6,156.9,26
USG02982,CUST0473,2024-08,9781.8,136.4,22
USG02983,CUST0169,2024-08,20992.9,174.3,29
USG02984,CUST0316,2024-03,5644.5,59.6,27
USG02985,CUST0415,2024-06,5997.4,65.8,31
USG02986,CUST0252,2024-06,6787.7,101.5,19
USG02987,CUST0305,2024-04,9010.4,79.9,18
USG02988,CUST0383,2024-09,4021.2,332.8,26
USG02989,CUST0384,2024-05,19877.5,36.0,18
USG02990,CUST0439,2024-08,13188.5,128.9,26
USG02991,CUST0266,2024-07,3210.5,106.1,24
USG02992,CUST0287,2024-04,6742.7,141.9,19
USG02993,CUST0133,2024-08,6335.0,114.8,26
USG02994,CUST0333,2024-06,10526.5,130.6,30
USG02995,CUST0192,2024-07,7658.6,264.2,21
USG02996,CUST0488,2024-05,11751.5,262.0,18
USG02997,CUST0119,2024-10,6019.0,71.5,20
USG02998,CUST0305,2024-01,2167.0,56.5,29
USG02999,CUST0173,2024-08,4088.9,59.3,24
USG03000,CUST0430,2024-07,7076.2,19.2,26
USG03001,CUST0454,2024-12,18094.7,145.7,21
USG03002,CUST0140,2024-01,4805.8,137.5,21
USG03003,CUST0087,2024-06,7613.4,17.1,35
USG03004,CUST0367,2024-11,10401.9,109.8,18
USG03005,CUST0313,2024-08,3563.7,142.2,19
USG03006,CUST0022,2024-04,7171.4,131.7,23
USG03007,CUST0048,2024-05,9972.7,179.6,22
USG03008,CUST0486,2024-09,12473.0,190.0,29
USG03009,CUST0160,2024-03,8486.4,131.9,26
USG03010,CUST0143,2024-08,1963.3,199.1,25
USG03011,CUST0317,2024-03,6975.8,32.6,19
USG03012,CUST0338,2024-08,8648.7,34.8,24
USG03013,CUST0092,2024-08,5809.2,147.6,27
USG03014,CUST0232,2024-04,2524.9,184.5,26
USG03015,CUST0452,2024-09,16505.0,69.6,28
USG03016,CUST0480,2024-10,2407.7,99.3,26
USG03017,CUST0232,2024-12,12017.5,291.5,36
USG03018,CUST0070,2024-01,949.5,22.3,20
USG03019,CUST0308,2024-08,1917.6,98.6,31
USG03020,CUST0001,2024-09,14650.2,132.8,26
USG03021,CUST0400,2024-01,11934.9,58.3,26
USG03022,CUST0470,2024-04,13356.6,115.3,24
USG03023,CUST0232,2024-03,6865.3,126.1,19
USG03024,CUST0251,2024-11,9526.2,160.2,25
USG03025,CUST0016,2024-06,3798.4,202.6,15
USG03026,CUST0080,2024-04,2732.3,21.5,21
USG03027,CUST0061,2024-04,26255.1,229.0,28
USG03028,CUST0055,2024-08,5848.7,217.7,28
USG03029,CUST0067,2024-03,15801.2,35.3,26
USG03030,CUST0102,2024-07,3094.8,65.0,31
USG03031,CUST0463,2024-02,11905.6,605.2,25
USG03032,CUST0081,2024-01,6923.0,196.6,30
USG03033,CUST0010,2024-07,8022.9,79.1,25
USG03034,CUST0087,2024-02,8128.2,58.6,25
USG03035,CUST0067,2024-09,4340.1,137.1,28
USG03036,CUST0077,2024-07,9923.7,104.2,19
USG03037,CUST0486,2024-01,7247.4,40.7,27
USG03038,CUST0196,2024-06,10525.4,279.5,28
USG03039,CUST0424,2024-09,10210.2,162.2,27
USG03040,CUST0083,2024-04,4073.3,135.0,28
USG03041,CUST0029,2024-11,1703.1,191.3,19
USG03042,CUST0497,2024-08,8557.0,97.3,20
USG03043,CUST0167,2024-12,12555.8,143.4,25
USG03044,CUST0468,2024-07,4741.0,10.9,25
USG03045,CUST0179,2024-09,1596.3,32.8,21
USG03046,CUST0013,2024-06,10054.7,218.5,21
USG03047,CUST0415,2024-10,10730.8,156.4,33
USG03048,CUST0035,2024-03,7535.7,162.9,27
USG03049,CUST0445,2024-02,6639.1,113.4,32
USG03050,CUST0498,2024-06,5750.3,266.3,18
USG03051,CUST0009,2024-03,13514.5,108.5,36
USG03052,CUST0106,2024-07,8483.4,115.0,26
USG03053,CUST0198,2024-06,3622.6,0.8,30
USG03054,CUST0010,2024-07,10536.8,143.1,27
USG03055,CUST0009,2024-05,8122.2,105.4,14
USG03056,CUST0207,2024-05,9067.8,86.8,20
USG03057,CUST0023,2024-02,10861.4,194.1,27
USG03058,CUST0273,2024-01,3798.7,93.4,29
USG03059,CUST0423,2024-11,2491.6,47.2,32
USG03060,CUST0266,2024-05,23588.2,137.0,25
USG03061,CUST0496,2024-02,6231.9,232.8,27
USG03062,CUST0418,2024-05,8284.3,35.3,22
USG03063,CUST0225,2024-08,4294.6,115.7,24
USG03064,CUST0441,2024-05,21353.5,112.6,30
USG03065,CUST0203,2024-07,3986.8,74.7,32
USG03066,CUST0082,2024-02,9081.9,116.8,31
USG03067,CUST0185,2024-11,9482.1,107.8,30
USG03068,CUST0349,2024-08,20133.2,104.1,26
USG03069,CUST0053,2024-12,16493.9,97.7,31
USG03070,CUST0461,2024-05,4119.9,353.5,20
USG03071,CUST0218,2024-02,5202.1,59.9,20
USG03072,CUST0091,2024-03,11207.5,277.4,20
USG03073,CUST0481,2024-05,3675.3,129.8,24
USG03074,CUST0011,2024-03,6086.4,85.8,22
USG03075,CUST0048,2024-03,3158.0,132.8,21
USG03076,CUST0349,2024-11,8862.7,58.8,30
USG03077,CUST0283,2024-04,10908.8,29.3,26
USG03078,CUST0196,2024-09,8544.2,36.9,35
USG03079,CUST0242,2024-11,2683.5,327.2,31
USG03080,CUST0062,2024-06,7764.3,68.2,20
USG03081,CUST0141,2024-08,2899.9,61.1,19
USG03082,CUST0111,2024-05,25585.6,208.4,34
USG03083,CUST0396,2024-11,8179.7,74.3,22
USG03084,CUST0185,2024-07,2823.8,19.5,27
USG03085,CUST0344,2024-04,4947.6,97.1,16
USG03086,CUST0186,2024-03,7582.0,59.7,24
USG03087,CUST0234,2024-12,8108.2,162.8,21
USG03088,CUST0498,2024-12,6224.5,52.3,30
USG03089,CUST0290,2024-03,10095.6,82.9,24
USG03090,CUST0235,2024-02,6624.8,58.8,30
USG03091,CUST0369,2024-05,3562.6,49.2,29
USG03092,CUST0491,2024-11,4285.4,104.2,32
USG03093,CUST0127,2024-01,4573.6,92.5,25
USG03094,CUST0486,2024-03,2172.4,142.3,25
USG03095,CUST0095,2024-11,7021.3,121.6,21
USG03096,CUST0192,2024-05,17817.2,117.1,26
USG03097,CUST0331,2024-02,10939.6,164.2,21
USG03098,CUST0263,2024-08,3728.2,262.7,22
USG03099,CUST0193,2024-11,3092.7,412.5,26
USG03100,CUST0378,2024-02,29714.6,73.7,29
USG03101,CUST0331,2024-03,9024.3,102.7,24
USG03102,CUST0495,2024-10,10879.6,133.7,32
USG03103,CUST0357,2024-04,15007.6,175.3,22
USG03104,CUST0089,2024-07,9136.5,70.8,22
USG03105,CUST0316,2024-08,29710.9,36.9,31
USG03106,CUST0363,2024-05,7893.0,286.8,18
USG03107,CUST0109,2024-06,11737.7,70.3,33
USG03108,CUST0365,2024-09,9345.1,171.1,29
USG03109,CUST0193,2024-04,5774.9,58.8,21
USG03110,CUST0383,2024-05,11822.8,26.2,25
USG03111,CUST0242,2024-06,6576.3,113.6,22
USG03112,CUST0498,2024-04,7421.1,110.0,35
USG03113,CUST0097,2024-09,10695.2,205.1,23
USG03114,CUST0101,2024-02,4755.4,95.1,24
USG03115,CUST0140,2024-10,14500.9,144.7,33
USG03116,CUST0337,2024-01,8313.3,160.1,22
USG03117,CUST0016,2024-02,16418.5,53.2,21
USG03118,CUST0360,2024-01,3467.6,76.4,20
USG03119,CUST0318,2024-07,10019.0,91.6,26
USG03120,CUST0157,2024-08,7411.0,30.5,20
USG03121,CUST0413,2024-07,19842.1,74.6,24
USG03122,CUST0491,2024-02,7866.8,28.6,27
USG03123,CUST0062,2024-06,4327.4,61.1,29
USG03124,CUST0202,2024-05,5633.5,82.6,31
USG03125,CUST0192,2024-11,9324.5,52.9,26
USG03126,CUST0199,2024-11,11353.0,115.4,25
USG03127,CUST0139,2024-02,4857.5,104.6,24
USG03128,CUST0392,2024-09,8376.8,94.8,24
USG03129,CUST0216,2024-10,4324.7,68.0,32
USG03130,CUST0280,2024-04,10810.6,49.3,16
USG03131,CUST0181,2024-08,5028.4,179.2,26
USG03132,CUST0317,2024-10,15609.7,69.1,28
USG03133,CUST0433,2024-10,15539.6,274.9,23
USG03134,CUST0384,2024-05,3920.9,91.8,27
USG03135,CUST0208,2024-05,12464.3,196.8,24
USG03136,CUST0282,2024-05,2187.1,171.9,34
USG03137,CUST0305,2024-07,16305.7,201.5,35
USG03138,CUST0481,2024-06,3976.0,61.5,27
USG03139,CUST0269,2024-11,13242.9,97.8,28
USG03140,CUST0159,2024-06,8985.7,106.8,24
USG03141,CUST0345,2024-04,8644.8,14.9,21
USG03142,CUST0080,2024-02,17873.1,34.4,28
USG03143,CUST0278,2024-10,7631.0,131.7,27
USG03144,CUST0281,2024-05,7283.6,149.8,19
USG03145,CUST0266,2024-01,6047.8,187.8,34
USG03146,CUST0207,2024-11,11820.3,85.0,24
USG03147,CUST0040,2024-12,19228.9,94.3,12
USG03148,CUST0238,2024-11,7198.4,219.0,31
USG03149,CUST0324,2024-07,17348.7,65.6,23
USG03150,CUST0203,2024-03,3602.6,341.6,16
USG03151,CUST0123,2024-09,8606.7,262.9,22
USG03152,CUST0316,2024-08,15903.0,162.3,27
USG03153,CUST0456,2024-12,3420.9,49.0,24
USG03154,CUST0199,2024-12,5343.8,56.2,25
USG03155,CUST0369,2024-10,6726.3,162.2,25
USG03156,CUST0487,2024-04,4453.6,184.4,16
USG03157,CUST0497,2024-04,9833.2,210.0,28
USG03158,CUST0141,2024-03,5295.0,95.2,13
USG03159,CUST0266,2024-12,6927.5,129.6,29
USG03160,CUST0048,2024-02,6532.1,39.3,27
USG03161,CUST0219,2024-05,13850.0,82.9,24
USG03162,CUST0040,2024-08,11595.3,66.0,25
USG03163,CUST0033,2024-08,14188.0,25.3,24
USG03164,CUST0061,2024-12,24917.2,292.8,22
USG03165,CUST0396,2024-08,15712.6,49.8,33
USG03166,CUST0325,2024-11,14471.1,63.8,35
USG03167,CUST0493,2024-01,3493.9,122.4,22
USG03168,CUST0089,2024-05,2832.7,80.4,21
USG03169,CUST0495,2024-01,2864.8,46.9,28
USG03170,CUST0487,2024-09,10468.9,110.3,22
USG03171,CUST0256,2024-09,12751.4,92.3,27
USG03172,CUST0070,2024-05,12309.7,75.2,30
USG03173,CUST0076,2024-01,5554.4,121.8,24
USG03174,CUST0300,2024-03,9275.7,255.3,29
USG03175,CUST0473,2024-09,13744.6,153.1,26
USG03176,CUST0493,2024-06,4922.5,51.9,24
USG03177,CUST0366,2024-11,8659.0,261.2,23
USG03178,CUST0422,2024-07,13345.0,33.6,21
USG03179,CUST0145,2024-12,6698.8,74.5,23
USG03180,CUST0143,2024-02,8036.9,46.5,26
USG03181,CUST0463,2024-11,4457.1,130.7,27
USG03182,CUST0144,2024-05,8628.7,72.1,30
USG03183,CUST0011,2024-02,11175.0,39.8,31
USG03184,CUST0495,2024-09,3870.2,189.5,34
USG03185,CUST0018,2024-01,8289.1,20.0,23
USG03186,CUST0369,2024-10,9856.2,266.1,23
USG03187,CUST0334,2024-04,12392.6,341.1,19
USG03188,CUST0394,2024-04,10951.5,44.4,30
USG03189,CUST0224,2024-04,2749.4,88.0,31
USG03190,CUST0252,2024-04,3731.6,146.4,15
USG03191,CUST0224,2024-10,14298.9,36.6,25
USG03192,CUST0081,2024-04,7848.5,148.1,28
USG03193,CUST0258,2024-07,5783.8,189.8,28
USG03194,CUST0075,2024-08,5700.4,35.3,18
USG03195,CUST0286,2024-05,17056.3,144.7,22
USG03196,CUST0027,2024-03,12080.3,9.1,28
USG03197,CUST0221,2024-04,14589.8,78.2,27
USG03198,CUST0248,2024-05,12336.5,44.0,16
USG03199,CUST0446,2024-02,4922.9,57.1,28
USG03200,CUST0468,2024-09,4009.4,185.9,24
USG03201,CUST0305,2024-07,9365.9,125.6,18
USG03202,CUST0442,2024-06,2219.4,417.6,30
USG03203,CUST0072,2024-04,4297.5,531.6,20
USG03204,CUST0136,2024-03,5841.9,81.7,22
USG03205,CUST0043,2024-08,3098.1,43.0,24
USG03206,CUST0437,2024-08,8454.2,210.7,18
USG03207,CUST0316,2024-09,2357.1,87.3,24
USG03208,CUST0018,2024-03,11564.5,155.3,23
USG03209,CUST0405,2024-02,8624.2,108.8,18
USG03210,CUST0331,2024-12,10412.8,63.7,29
USG03211,CUST0173,2024-10,11996.3,76.8,18
USG03212,CUST0062,2024-03,7433.3,203.2,26
USG03213,CUST0404,2024-08,19112.2,93.5,27
USG03214,CUST0069,2024-08,7960.0,54.4,28
USG03215,CUST0424,2024-09,9817.8,83.7,18
USG03216,CUST0366,2024-10,7081.6,7.4,32
USG03217,CUST0442,2024-10,2285.4,36.1,25
USG03218,CUST0252,2024-03,16720.5,32.7,21
USG03219,CUST0462,2024-11,12005.6,187.7,25
USG03220,CUST0316,2024-11,11841.5,626.0,31
USG03221,CUST0079,2024-01,6276.8,94.0,23
USG03222,CUST0483,2024-11,4660.7,63.7,21
USG03223,CUST0002,2024-06,1916.8,99.5,21
USG03224,CUST0189,2024-09,2203.0,63.5,30
USG03225,CUST0109,2024-07,4595.8,110.6,23
USG03226,CUST0281,2024-08,5471.7,287.9,33
USG03227,CUST0333,2024-08,3396.1,183.4,37
USG03228,CUST0248,2024-04,14580.5,173.0,29
USG03229,CUST0018,2024-01,4229.1,76.5,17
USG03230,CUST0473,2024-12,17867.6,191.6,12
USG03231,CUST0478,2024-04,4738.4,84.5,18
USG03232,CUST0005,2024-01,10779.0,47.3,19
USG03233,CUST0360,2024-03,9059.8,111.0,30
USG03234,CUST0363,2024-12,7333.0,151.8,26
USG03235,CUST0441,2024-07,15224.9,57.5,21
USG03236,CUST0173,2024-06,6073.6,121.0,13
USG03237,CUST0463,2024-09,9124.0,249.1,28
USG03238,CUST0299,2024-05,19111.7,216.0,17
USG03239,CUST0411,2024-06,12855.7,5.3,14
USG03240,CUST0444,2024-01,17829.4,136.4,28
USG03241,CUST0085,2024-09,5728.5,125.5,34
USG03242,CUST0187,2024-02,5492.2,334.9,23
USG03243,CUST0443,2024-06,11514.1,66.2,22
USG03244,CUST0482,2024-11,15115.5,20.1,21
USG03245,CUST0035,2024-02,3830.1,20.6,24
USG03246,CUST0322,2024-07,10209.4,29.4,29
USG03247,CUST0420,2024-05,29173.6,157.2,19
USG03248,CUST0096,2024-08,4784.1,155.2,19
USG03249,CUST0081,2024-08,5466.4,290.7,25
USG03250,CUST0055,2024-02,6635.1,175.9,23
USG03251,CUST0120,2024-06,4824.6,7.5,28
USG03252,CUST0271,2024-01,22187.5,145.5,38
USG03253,CUST0039,2024-03,5438.5,296.2,30
USG03254,CUST0248,2024-06,5350.3,87.4,26
USG03255,CUST0221,2024-07,8151.4,108.1,20
USG03256,CUST0126,2024-11,8555.2,91.5,29
USG03257,CUST0101,2024-05,20732.5,42.3,22
USG03258,CUST0320,2024-06,4336.9,51.1,25
USG03259,CUST0319,2024-04,7043.9,22.9,21
USG03260,CUST0218,2024-05,9803.8,155.2,25
USG03261,CUST0429,2024-05,9748.1,39.0,20
USG03262,CUST0322,2024-05,9036.9,172.6,26
USG03263,CUST0202,2024-12,17328.5,43.4,25
USG03264,CUST0444,2024-12,8194.1,141.8,26
USG03265,CUST0498,2024-07,13193.9,191.9,30
USG03266,CUST0378,2024-07,9022.7,42.1,32
USG03267,CUST0317,2024-10,10367.4,26.7,18
USG03268,CUST0074,2024-12,6047.6,98.9,30
USG03269,CUST0480,2024-01,2758.7,107.5,29
USG03270,CUST0461,2024-11,12005.8,181.7,29
USG03271,CUST0473,2024-05,14614.4,75.7,26
USG03272,CUST0496,2024-05,17744.7,153.4,26
USG03273,CUST0207,2024-10,14670.2,96.6,18
USG03274,CUST0362,2024-11,7716.9,126.0,19
USG03275,CUST0136,2024-07,26613.7,278.7,26
USG03276,CUST0299,2024-08,3909.0,69.0,21
USG03277,CUST0117,2024-11,2253.6,64.5,17
USG03278,CUST0479,2024-12,13284.6,79.7,29
USG03279,CUST0430,2024-12,8089.3,62.0,22
USG03280,CUST0404,2024-08,10050.0,37.2,29
USG03281,CUST0039,2024-07,3287.7,193.0,28
USG03282,CUST0203,2024-05,8573.7,74.8,24
USG03283,CUST0197,2024-12,2378.7,87.3,24
USG03284,CUST0206,2024-09,7088.0,114.3,23
USG03285,CUST0486,2024-08,2481.2,110.7,25
USG03286,CUST0465,2024-06,12912.4,106.7,20
USG03287,CUST0325,2024-10,7730.7,45.9,28
USG03288,CUST0480,2024-02,3722.4,95.6,22
USG03289,CUST0117,2024-05,13734.5,170.6,24
USG03290,CUST0258,2024-12,4832.8,22.8,28
USG03291,CUST0122,2024-09,5110.2,34.5,29
USG03292,CUST0232,2024-11,9711.6,100.0,31
USG03293,CUST0331,2024-05,25169.6,376.4,27
USG03294,CUST0177,2024-04,3823.3,202.7,29
USG03295,CUST0162,2024-12,4345.7,202.0,32
USG03296,CUST0316,2024-07,11544.1,254.4,23
USG03297,CUST0097,2024-09,3234.3,119.9,22
USG03298,CUST0021,2024-04,10682.9,41.3,17
USG03299,CUST0406,2024-08,12183.4,131.3,27
USG03300,CUST0437,2024-07,7161.6,81.9,25
USG03301,CUST0218,2024-03,6877.0,31.2,32
USG03302,CUST0341,2024-05,10313.6,121.6,27
USG03303,CUST0424,2024-08,2482.2,43.9,26
USG03304,CUST0039,2024-07,7266.3,76.3,25
USG03305,CUST0325,2024-04,13468.6,75.1,22
USG03306,CUST0053,2024-10,6383.1,118.4,32
USG03307,CUST0403,2024-04,16619.6,46.7,22
USG03308,CUST0204,2024-05,4952.9,300.9,17
USG03309,CUST0132,2024-05,2683.8,90.5,22
USG03310,CUST0103,2024-08,2993.6,200.9,29
USG03311,CUST0040,2024-12,6493.4,43.4,26
USG03312,CUST0270,2024-11,3185.3,189.3,22
USG03313,CUST0101,2024-08,10371.1,71.9,22
USG03314,CUST0141,2024-03,5579.5,36.5,31
USG03315,CUST0425,2024-07,15769.8,69.0,34
USG03316,CUST0406,2024-01,5478.4,12.6,28
USG03317,CUST0153,2024-08,4036.8,223.9,28
USG03318,CUST0493,2024-07,1761.2,156.3,30
USG03319,CUST0044,2024-11,6577.3,61.6,26
USG03320,CUST0297,2024-04,3471.0,53.3,26
USG03321,CUST0155,2024-12,4143.3,148.2,24
USG03322,CUST0301,2024-04,4255.7,78.2,30
USG03323,CUST0189,2024-06,10224.2,211.8,36
USG03324,CUST0181,2024-07,6829.1,274.9,18
USG03325,CUST0332,2024-01,4103.5,33.7,24
USG03326,CUST0486,2024-06,5402.6,26.8,18
USG03327,CUST0192,2024-11,5029.7,67.0,21
USG03328,CUST0468,2024-01,14464.7,138.1,25
USG03329,CUST0255,2024-10,9785.7,77.1,20
USG03330,CUST0487,2024-12,9043.5,122.2,28
USG03331,CUST0403,2024-04,9551.5,38.8,25
USG03332,CUST0439,2024-08,6794.0,225.9,17
USG03333,CUST0294,2024-06,11690.2,61.7,20
USG03334,CUST0473,2024-02,3813.8,69.5,25
USG03335,CUST0480,2024-04,4795.6,76.9,19
USG03336,CUST0357,2024-04,9681.0,72.1,30
USG03337,CUST0160,2024-10,21687.7,276.8,26
USG03338,CUST0052,2024-02,34073.8,46.2,23
USG03339,CUST0103,2024-03,3620.6,75.2,35
USG03340,CUST0456,2024-02,7859.9,97.9,26
USG03341,CUST0349,2024-07,6486.0,28.3,30
USG03342,CUST0360,2024-10,7817.3,88.7,27
USG03343,CUST0132,2024-07,8079.1,121.6,25
USG03344,CUST0188,2024-07,12368.6,188.8,24
USG03345,CUST0283,2024-02,14215.3,73.8,28
USG03346,CUST0361,2024-11,7038.5,78.9,31
USG03347,CUST0124,2024-07,6078.1,110.6,30
USG03348,CUST0014,2024-04,9275.4,74.1,23
USG03349,CUST0500,2024-01,11678.1,163.7,23
USG03350,CUST0124,2024-12,7548.1,32.7,19
USG03351,CUST0183,2024-08,9705.3,307.1,31
USG03352,CUST0426,2024-12,16719.3,147.3,25
USG03353,CUST0356,2024-08,7115.6,9.9,26
USG03354,CUST0088,2024-03,17149.7,104.8,22
USG03355,CUST0471,2024-08,5293.5,167.0,29
USG03356,CUST0121,2024-12,8195.0,114.6,24
USG03357,CUST0081,2024-01,5769.0,125.4,21
USG03358,CUST0420,2024-08,9841.3,130.1,23
USG03359,CUST0039,2024-07,12983.1,478.5,33
USG03360,CUST0199,2024-01,4093.0,138.5,25
USG03361,CUST0001,2024-01,10944.2,60.1,27
USG03362,CUST0473,2024-01,2508.0,83.8,21
USG03363,CUST0357,2024-07,8953.6,84.9,19
USG03364,CUST0360,2024-08,15950.8,116.6,27
USG03365,CUST0444,2024-03,1933.2,37.9,22
USG03366,CUST0458,2024-09,24786.9,281.8,18
USG03367,CUST0365,2024-10,13275.0,96.0,28
USG03368,CUST0171,2024-01,14615.0,263.1,29
USG03369,CUST0093,2024-11,6947.0,226.2,30
USG03370,CUST0121,2024-03,9066.4,163.7,29
USG03371,CUST0016,2024-02,6018.3,38.1,17
USG03372,CUST0498,2024-11,7575.0,211.2,27
USG03373,CUST0200,2024-11,6839.1,78.4,21
USG03374,CUST0038,2024-02,14153.3,201.2,28
USG03375,CUST0492,2024-12,6447.3,96.2,19
USG03376,CUST0499,2024-07,5660.1,188.8,21
USG03377,CUST0202,2024-12,12898.3,58.6,23
USG03378,CUST0093,2024-12,9171.8,91.0,18
USG03379,CUST0133,2024-11,4084.4,49.7,25
USG03380,CUST0261,2024-02,14290.8,49.0,24
USG03381,CUST0160,2024-01,4348.3,100.5,25
USG03382,CUST0053,2024-07,12876.9,135.1,26
USG03383,CUST0203,2024-05,1665.9,95.4,21
USG03384,CUST0433,2024-08,17664.8,46.4,26
USG03385,CUST0122,2024-06,7897.1,279.1,30
USG03386,CUST0307,2024-03,6343.4,75.5,32
USG03387,CUST0214,2024-09,20020.6,340.1,22
USG03388,CUST0476,2024-09,14671.0,41.9,25
USG03389,CUST0468,2024-05,7414.7,30.9,28
USG03390,CUST0319,2024-12,6149.4,150.4,28
USG03391,CUST0248,2024-04,6348.5,183.6,23
USG03392,CUST0245,2024-03,8780.4,223.8,32
USG03393,CUST0124,2024-06,5893.4,65.0,29
USG03394,CUST0473,2024-01,11372.5,261.7,26
USG03395,CUST0096,2024-12,14294.9,192.7,29
USG03396,CUST0497,2024-08,17102.0,66.5,31
USG03397,CUST0222,2024-11,2152.9,36.8,30
USG03398,CUST0083,2024-07,5132.3,58.0,17
USG03399,CUST0096,2024-06,12091.0,265.0,26
USG03400,CUST0095,2024-06,8378.2,51.5,20
USG03401,CUST0381,2024-05,9985.4,37.7,20
USG03402,CUST0412,2024-03,16482.2,33.7,32
USG03403,CUST0206,2024-01,2540.8,175.0,18
USG03404,CUST0254,2024-08,2334.7,156.9,22
USG03405,CUST0014,2024-08,11326.9,83.8,17
USG03406,CUST0131,2024-01,4760.8,108.1,17
USG03407,CUST0402,2024-05,18392.4,113.4,31
USG03408,CUST0153,2024-02,12764.0,129.8,25
USG03409,CUST0106,2024-02,5345.4,275.3,25
USG03410,CUST0289,2024-04,12615.3,151.7,25
USG03411,CUST0335,2024-05,19540.6,65.8,27
USG03412,CUST0220,2024-03,4248.3,65.0,33
USG03413,CUST0181,2024-12,783.7,49.0,28
USG03414,CUST0480,2024-12,12013.2,69.8,23
USG03415,CUST0283,2024-12,6717.2,166.9,23
USG03416,CUST0202,2024-12,5919.2,208.5,20
USG03417,CUST0025,2024-11,3872.2,173.8,27
USG03418,CUST0048,2024-02,3245.0,262.1,18
USG03419,CUST0281,2024-05,17316.3,94.7,23
USG03420,CUST0241,2024-11,21381.8,68.1,34
USG03421,CUST0149,2024-02,13805.1,418.4,32
USG03422,CUST0110,2024-11,5797.9,53.5,16
USG03423,CUST0370,2024-11,5237.9,109.7,22
USG03424,CUST0390,2024-02,7343.1,240.5,23
USG03425,CUST0243,2024-03,4384.7,140.7,25
USG03426,CUST0343,2024-01,3900.8,55.5,24
USG03427,CUST0219,2024-01,12032.1,131.6,35
USG03428,CUST0144,2024-12,13084.0,27.7,29
USG03429,CUST0177,2024-11,8871.4,241.1,21
USG03430,CUST0145,2024-05,6725.0,123.0,35
USG03431,CUST0425,2024-08,4402.3,95.6,23
USG03432,CUST0097,2024-02,7061.7,167.6,23
USG03433,CUST0403,2024-12,5895.8,58.0,37
USG03434,CUST0232,2024-02,17629.1,329.5,23
USG03435,CUST0019,2024-06,5250.9,253.1,22
USG03436,CUST0280,2024-10,4825.0,153.4,22
USG03437,CUST0421,2024-09,14847.5,28.2,28
USG03438,CUST0255,2024-03,5573.7,21.4,24
USG03439,CUST0248,2024-03,8002.0,35.1,22
USG03440,CUST0055,2024-11,8885.0,82.7,27
USG03441,CUST0236,2024-01,10569.7,124.6,28
USG03442,CUST0118,2024-06,8400.7,252.2,22
USG03443,CUST0316,2024-06,17981.2,67.9,23
USG03444,CUST0018,2024-09,10735.8,174.0,18
USG03445,CUST0413,2024-10,19474.5,50.8,25
USG03446,CUST0313,2024-07,7660.1,84.1,28
USG03447,CUST0299,2024-07,14987.5,32.3,25
USG03448,CUST0029,2024-10,11530.8,158.0,17
USG03449,CUST0267,2024-09,6048.6,29.4,20
USG03450,CUST0145,2024-06,8244.4,77.7,31
USG03451,CUST0458,2024-06,14809.9,78.2,27
USG03452,CUST0494,2024-02,3333.0,157.8,18
USG03453,CUST0179,2024-02,4652.2,62.9,28
USG03454,CUST0320,2024-04,8726.8,53.7,25
USG03455,CUST0143,2024-04,8823.1,150.1,25
USG03456,CUST0152,2024-11,2574.2,228.1,23
USG03457,CUST0351,2024-10,5620.1,38.7,29
USG03458,CUST0018,2024-12,11457.4,334.9,20
USG03459,CUST0177,2024-02,2423.4,171.3,27
USG03460,CUST0030,2024-04,3537.5,134.3,36
USG03461,CUST0398,2024-02,9983.8,181.2,27
USG03462,CUST0443,2024-04,3843.2,389.9,19
USG03463,CUST0262,2024-04,6477.5,120.1,25
USG03464,CUST0401,2024-10,2456.6,148.3,24
USG03465,CUST0117,2024-12,16189.7,37.6,21
USG03466,CUST0236,2024-09,3642.3,206.1,26
USG03467,CUST0143,2024-10,4661.5,80.5,25
USG03468,CUST0309,2024-04,17455.7,218.3,14
USG03469,CUST0130,2024-12,9870.4,111.1,21
USG03470,CUST0238,2024-04,13176.2,127.2,32
USG03471,CUST0138,2024-09,8573.1,26.4,28
USG03472,CUST0408,2024-02,8021.0,253.3,24
USG03473,CUST0475,2024-01,10615.8,178.6,24
USG03474,CUST0325,2024-01,6548.9,80.0,24
USG03475,CUST0157,2024-02,9180.7,391.5,30
USG03476,CUST0033,2024-09,18321.2,150.5,24
USG03477,CUST0487,2024-02,11216.2,246.2,34
USG03478,CUST0420,2024-10,8453.4,93.2,21
USG03479,CUST0173,2024-12,5309.7,233.3,22
USG03480,CUST0145,2024-03,9327.2,54.0,15
USG03481,CUST0096,2024-02,15000.2,57.9,24
USG03482,CUST0315,2024-11,6598.5,108.1,19
USG03483,CUST0325,2024-06,3870.1,36.2,32
USG03484,CUST0443,2024-07,2821.7,218.6,23
USG03485,CUST0270,2024-01,5472.8,51.9,25
USG03486,CUST0216,2024-01,3324.0,193.9,27
USG03487,CUST0029,2024-07,10697.2,98.2,24
USG03488,CUST0062,2024-05,13882.3,58.4,20
USG03489,CUST0219,2024-02,4688.7,50.5,29
USG03490,CUST0417,2024-04,5101.2,57.8,26
USG03491,CUST0104,2024-04,6026.6,212.8,19
USG03492,CUST0363,2024-12,16721.9,65.9,21
USG03493,CUST0331,2024-10,12805.6,34.1,17
USG03494,CUST0410,2024-05,13502.7,39.9,31
USG03495,CUST0286,2024-01,9268.3,90.4,25
USG03496,CUST0080,2024-01,1159.4,12.9,24
USG03497,CUST0283,2024-02,8810.7,317.1,26
USG03498,CUST0491,2024-03,6085.1,84.3,26
USG03499,CUST0427,2024-03,23274.6,29.6,22
USG03500,CUST0106,2024-01,5641.6,147.3,25
USG03501,CUST0485,2024-06,3524.2,24.5,31
USG03502,CUST0120,2024-07,9198.3,64.3,25
USG03503,CUST0162,2024-08,11454.5,119.6,21
USG03504,CUST0071,2024-01,2577.4,26.1,26
USG03505,CUST0380,2024-04,8583.0,52.8,30
USG03506,CUST0092,2024-04,8864.6,44.1,31
USG03507,CUST0407,2024-04,10097.1,139.6,27
USG03508,CUST0244,2024-11,6276.8,94.3,28
USG03509,CUST0242,2024-07,6240.5,66.3,31
USG03510,CUST0081,2024-04,14204.5,93.3,22
USG03511,CUST0333,2024-10,5510.9,155.6,29
USG03512,CUST0181,2024-02,6021.1,181.5,24
USG03513,CUST0495,2024-02,3619.9,252.7,21
USG03514,CUST0223,2024-11,21367.4,256.7,22
USG03515,CUST0114,2024-05,15672.4,71.7,24
USG03516,CUST0216,2024-11,15940.1,31.7,25
USG03517,CUST0167,2024-01,3813.4,145.3,34
USG03518,CUST0093,2024-08,10926.8,38.0,25
USG03519,CUST0207,2024-06,19988.2,64.7,26
USG03520,CUST0325,2024-10,4335.3,186.7,26
USG03521,CUST0085,2024-09,8267.1,314.3,20
USG03522,CUST0211,2024-11,13168.2,45.7,21
USG03523,CUST0256,2024-10,24693.7,14.3,33
USG03524,CUST0416,2024-09,13016.7,132.6,23
USG03525,CUST0282,2024-05,5332.5,103.7,35
USG03526,CUST0114,2024-06,4870.9,47.5,34
USG03527,CUST0192,2024-01,10352.3,99.9,32
USG03528,CUST0007,2024-04,5079.6,139.2,26
USG03529,CUST0442,2024-05,11768.7,103.5,29
USG03530,CUST0435,2024-03,8837.1,73.6,23
USG03531,CUST0344,2024-09,9622.0,137.5,27
USG03532,CUST0420,2024-01,19478.3,41.1,33
USG03533,CUST0111,2024-02,8766.2,85.5,23
USG03534,CUST0267,2024-08,9387.3,315.6,24
USG03535,CUST0388,2024-03,4069.4,179.5,23
USG03536,CUST0219,2024-10,1728.1,117.9,27
USG03537,CUST0239,2024-10,11922.5,66.0,22
USG03538,CUST0062,2024-11,16609.7,15.0,21
USG03539,CUST0276,2024-03,9283.0,78.3,25
USG03540,CUST0278,2024-06,13168.4,72.1,20
USG03541,CUST0399,2024-03,6679.1,15.2,24
USG03542,CUST0407,2024-08,11573.7,76.6,20
USG03543,CUST0369,2024-02,13891.8,290.0,18
USG03544,CUST0049,2024-10,8196.8,234.3,26
USG03545,CUST0145,2024-01,17245.4,104.9,25
USG03546,CUST0060,2024-01,6153.1,281.4,30
USG03547,CUST0261,2024-07,4603.2,77.1,27
USG03548,CUST0164,2024-11,7858.3,98.6,29
USG03549,CUST0467,2024-07,8430.1,53.2,32
USG03550,CUST0255,2024-08,10159.6,341.6,32
USG03551,CUST0075,2024-08,8827.3,79.1,19
USG03552,CUST0088,2024-12,12738.0,181.3,28
USG03553,CUST0398,2024-12,9103.4,60.1,27
USG03554,CUST0426,2024-11,13177.5,148.1,25
USG03555,CUST0357,2024-12,15826.2,141.1,24
USG03556,CUST0473,2024-09,13295.1,38.2,23
USG03557,CUST0317,2024-09,3142.4,279.8,20
USG03558,CUST0084,2024-11,5428.9,20.4,37
USG03559,CUST0146,2024-01,12045.1,144.3,27
USG03560,CUST0136,2024-05,10700.5,55.4,35
USG03561,CUST0483,2024-02,5117.0,129.4,32
USG03562,CUST0276,2024-01,19445.9,63.9,29
USG03563,CUST0101,2024-03,1647.8,46.4,17
USG03564,CUST0458,2024-01,10149.4,90.7,18
USG03565,CUST0426,2024-10,31612.9,321.4,25
USG03566,CUST0120,2024-01,14440.9,203.7,18
USG03567,CUST0491,2024-03,5759.1,64.4,14
USG03568,CUST0435,2024-08,3607.2,59.2,18
USG03569,CUST0192,2024-06,3418.0,214.9,28
USG03570,CUST0319,2024-01,3274.9,87.0,23
USG03571,CUST0438,2024-11,8968.6,31.9,27
USG03572,CUST0040,2024-11,10560.2,116.9,16
USG03573,CUST0203,2024-04,15226.3,65.0,20
USG03574,CUST0220,2024-11,15116.3,87.9,25
USG03575,CUST0140,2024-05,4293.4,213.1,23
USG03576,CUST0044,2024-01,7034.9,9.1,24
USG03577,CUST0365,2024-05,16803.3,232.3,24
USG03578,CUST0205,2024-06,11941.5,93.3,22
USG03579,CUST0350,2024-02,8061.7,54.6,20
USG03580,CUST0121,2024-01,8509.7,111.2,25
USG03581,CUST0418,2024-07,6913.6,64.3,23
USG03582,CUST0254,2024-02,16500.2,189.5,27
USG03583,CUST0401,2024-03,12839.0,60.5,27
USG03584,CUST0322,2024-04,7780.3,66.6,22
USG03585,CUST0280,2024-09,11975.7,55.4,20
USG03586,CUST0473,2024-10,2129.0,29.4,24
USG03587,CUST0315,2024-08,1765.2,198.2,18
USG03588,CUST0008,2024-03,4522.9,45.9,38
USG03589,CUST0081,2024-11,8224.5,445.2,26
USG03590,CUST0089,2024-09,10186.0,49.6,22
USG03591,CUST0425,2024-02,20435.8,73.6,29
USG03592,CUST0484,2024-04,11519.4,113.4,33
USG03593,CUST0270,2024-03,6253.8,168.8,29
USG03594,CUST0409,2024-09,5880.3,31.5,29
USG03595,CUST0025,2024-08,3882.5,31.0,31
USG03596,CUST0265,2024-07,2229.1,89.3,24
USG03597,CUST0333,2024-06,10696.7,133.8,24
USG03598,CUST0053,2024-02,7218.7,130.8,25
USG03599,CUST0390,2024-01,12651.3,198.4,22
USG03600,CUST0459,2024-03,2307.5,54.6,21
USG03601,CUST0248,2024-02,15934.4,315.4,22
USG03602,CUST0011,2024-11,4148.7,263.6,25
USG03603,CUST0331,2024-08,1889.7,98.1,20
USG03604,CUST0299,2024-06,10911.7,36.6,20
USG03605,CUST0465,2024-06,5500.3,130.2,26
USG03606,CUST0061,2024-07,14545.9,167.8,30
USG03607,CUST0007,2024-02,5407.9,264.3,20
USG03608,CUST0418,2024-01,7863.9,166.7,20
USG03609,CUST0211,2024-03,9478.7,94.4,21
USG03610,CUST0025,2024-11,1934.0,155.4,28
USG03611,CUST0172,2024-01,3286.7,79.9,26
USG03612,CUST0486,2024-09,4875.3,137.6,29
USG03613,CUST0061,2024-02,2096.8,234.0,29
USG03614,CUST0300,2024-06,6017.5,10.1,36
USG03615,CUST0473,2024-12,11807.2,60.5,24
USG03616,CUST0089,2024-03,7338.6,43.0,28
USG03617,CUST0175,2024-02,11052.5,46.7,23
USG03618,CUST0040,2024-01,6859.2,235.0,25
USG03619,CUST0242,2024-03,12151.2,330.8,27
USG03620,CUST0221,2024-08,7291.0,136.1,23
USG03621,CUST0429,2024-01,2052.1,60.3,25
USG03622,CUST0041,2024-10,5930.6,156.1,22
USG03623,CUST0232,2024-02,4389.0,120.7,27
USG03624,CUST0445,2024-11,10019.3,148.4,28
USG03625,CUST0411,2024-07,8256.2,161.2,24
USG03626,CUST0048,2024-03,6862.1,19.5,22
USG03627,CUST0315,2024-12,2293.6,244.3,27
USG03628,CUST0290,2024-03,13312.7,194.9,26
USG03629,CUST0290,2024-02,7271.6,66.3,26
USG03630,CUST0304,2024-04,5700.6,61.2,31
USG03631,CUST0306,2024-08,7730.3,151.6,16
USG03632,CUST0389,2024-12,4876.9,76.7,33
USG03633,CUST0104,2024-12,4740.0,43.6,21
USG03634,CUST0336,2024-10,13851.3,28.6,25
USG03635,CUST0338,2024-12,9283.9,243.3,22
USG03636,CUST0034,2024-12,3847.7,197.7,12
USG03637,CUST0313,2024-03,17951.6,243.5,20
USG03638,CUST0302,2024-10,6865.9,35.8,24
USG03639,CUST0014,2024-12,6639.4,102.2,38
USG03640,CUST0196,2024-07,3152.1,292.8,22
USG03641,CUST0061,2024-06,1038.1,160.3,24
USG03642,CUST0473,2024-11,2907.1,123.7,31
USG03643,CUST0245,2024-05,3425.6,94.2,30
USG03644,CUST0415,2024-02,9184.0,178.6,22
USG03645,CUST0016,2024-11,10144.8,95.4,24
USG03646,CUST0366,2024-04,5293.3,126.1,32
USG03647,CUST0016,2024-04,4657.7,141.7,25
USG03648,CUST0500,2024-11,7527.9,60.7,34
USG03649,CUST0236,2024-09,1439.5,77.0,21
USG03650,CUST0320,2024-08,8999.7,63.2,23
USG03651,CUST0333,2024-10,6280.1,188.5,26
USG03652,CUST0117,2024-09,11014.6,22.8,30
USG03653,CUST0109,2024-03,4163.1,41.9,13
USG03654,CUST0178,2024-05,17113.7,136.3,25
USG03655,CUST0430,2024-09,9716.6,145.2,30
USG03656,CUST0189,2024-10,5736.1,137.8,25
USG03657,CUST0491,2024-12,9622.9,140.0,27
USG03658,CUST0440,2024-08,12306.0,118.5,20
USG03659,CUST0319,2024-06,8706.6,89.8,21
USG03660,CUST0435,2024-11,6648.3,257.4,26
USG03661,CUST0103,2024-09,9409.9,22.9,26
USG03662,CUST0495,2024-08,12561.3,151.5,30
USG03663,CUST0015,2024-12,2990.9,105.6,21
USG03664,CUST0166,2024-06,3438.3,167.4,24
USG03665,CUST0473,2024-03,5458.5,58.4,32
USG03666,CUST0400,2024-04,8753.4,281.9,24
USG03667,CUST0411,2024-02,13022.9,64.5,23
USG03668,CUST0345,2024-10,12716.5,155.8,24
USG03669,CUST0083,2024-06,3376.4,83.6,35
USG03670,CUST0240,2024-12,9231.6,69.6,27
USG03671,CUST0360,2024-10,3045.6,14.2,21
USG03672,CUST0281,2024-11,9002.2,73.0,20
USG03673,CUST0319,2024-02,16318.6,250.0,30
USG03674,CUST0002,2024-10,16467.2,299.1,24
USG03675,CUST0348,2024-07,3600.2,173.0,24
USG03676,CUST0258,2024-07,10619.4,152.1,28
USG03677,CUST0160,2024-04,7545.4,163.2,34
USG03678,CUST0212,2024-05,22232.3,45.9,29
USG03679,CUST0387,2024-12,8832.9,99.9,30
USG03680,CUST0454,2024-08,2402.9,74.3,29
USG03681,CUST0156,2024-05,7357.3,62.4,19
USG03682,CUST0001,2024-07,1928.1,360.0,29
USG03683,CUST0252,2024-11,4610.0,245.7,29
USG03684,CUST0484,2024-11,3859.3,28.6,32
USG03685,CUST0228,2024-11,6149.8,138.7,25
USG03686,CUST0489,2024-02,12292.1,32.2,21
USG03687,CUST0083,2024-12,7722.3,50.0,24
USG03688,CUST0097,2024-12,3590.9,221.9,22
USG03689,CUST0474,2024-09,8906.7,122.3,13
USG03690,CUST0206,2024-11,9861.0,77.5,32
USG03691,CUST0085,2024-04,18704.2,202.2,24
USG03692,CUST0299,2024-10,3329.2,27.3,25
USG03693,CUST0462,2024-02,14258.9,90.7,28
USG03694,CUST0011,2024-01,1695.7,61.4,22
USG03695,CUST0274,2024-06,4006.5,172.4,20
USG03696,CUST0040,2024-04,12938.1,199.3,21
USG03697,CUST0083,2024-04,9515.3,87.5,22
USG03698,CUST0070,2024-09,4724.4,205.6,29
USG03699,CUST0191,2024-10,20061.3,125.8,26
USG03700,CUST0406,2024-05,13404.6,123.3,28
USG03701,CUST0486,2024-06,7235.0,189.8,39
USG03702,CUST0026,2024-03,9846.6,2.9,26
USG03703,CUST0291,2024-05,14211.1,156.6,18
USG03704,CUST0301,2024-03,5708.2,55.5,24
USG03705,CUST0290,2024-12,8714.2,83.3,26
USG03706,CUST0478,2024-10,10610.3,73.7,25
USG03707,CUST0034,2024-05,12338.6,54.3,29
USG03708,CUST0018,2024-06,10893.9,121.1,17
USG03709,CUST0192,2024-09,1042.5,245.2,17
USG03710,CUST0383,2024-08,8752.2,18.7,23
USG03711,CUST0070,2024-02,26745.8,73.6,14
USG03712,CUST0381,2024-11,9650.6,14.0,20
USG03713,CUST0026,2024-01,11457.4,45.4,20
USG03714,CUST0180,2024-11,3638.2,264.1,20
USG03715,CUST0157,2024-02,2038.1,15.0,34
USG03716,CUST0083,2024-12,15142.8,150.3,22
USG03717,CUST0132,2024-02,8940.1,247.3,25
USG03718,CUST0429,2024-07,5331.4,146.7,34
USG03719,CUST0245,2024-07,8048.8,70.6,21
USG03720,CUST0092,2024-11,14940.1,162.4,23
USG03721,CUST0413,2024-08,9270.5,17.5,25
USG03722,CUST0184,2024-05,16980.0,89.3,21
USG03723,CUST0479,2024-09,13628.6,132.1,23
USG03724,CUST0397,2024-04,4769.1,93.2,19
USG03725,CUST0492,2024-12,6301.1,234.2,19
USG03726,CUST0242,2024-10,13111.8,7.4,24
USG03727,CUST0164,2024-09,17007.0,78.8,28
USG03728,CUST0315,2024-10,9982.5,90.5,26
USG03729,CUST0266,2024-05,14259.3,195.9,17
USG03730,CUST0432,2024-03,4235.4,94.3,29
USG03731,CUST0349,2024-02,5756.8,66.9,20
USG03732,CUST0182,2024-12,1526.8,126.4,36
USG03733,CUST0402,2024-06,3404.3,86.2,26
USG03734,CUST0181,2024-05,2577.4,108.4,25
USG03735,CUST0483,2024-12,3941.3,35.8,25
USG03736,CUST0433,2024-05,4724.2,186.2,27
USG03737,CUST0219,2024-05,2668.5,96.6,26
USG03738,CUST0325,2024-07,15628.5,83.8,26
USG03739,CUST0035,2024-06,15618.6,124.4,30
USG03740,CUST0462,2024-04,15914.0,35.1,22
USG03741,CUST0297,2024-10,5120.9,192.2,27
USG03742,CUST0390,2024-03,7565.3,68.4,32
USG03743,CUST0378,2024-12,4450.7,107.1,22
USG03744,CUST0291,2024-04,2765.3,29.6,22
USG03745,CUST0057,2024-06,20134.0,57.8,20
USG03746,CUST0454,2024-04,5434.6,86.8,26
USG03747,CUST0318,2024-09,5542.4,105.1,29
USG03748,CUST0018,2024-01,16208.4,104.9,31
USG03749,CUST0077,2024-08,5935.0,121.4,36
USG03750,CUST0018,2024-11,8807.7,213.6,19
USG03751,CUST0081,2024-11,7888.6,14.0,27
USG03752,CUST0486,2024-03,9495.3,172.9,23
USG03753,CUST0045,2024-07,4503.1,237.8,29
USG03754,CUST0134,2024-03,5398.6,39.1,20
USG03755,CUST0476,2024-03,11034.0,55.3,20
USG03756,CUST0297,2024-08,5040.0,220.3,24
USG03757,CUST0192,2024-08,3433.0,99.4,20
USG03758,CUST0261,2024-06,3552.9,178.6,24
USG03759,CUST0315,2024-09,11417.2,100.6,17
USG03760,CUST0175,2024-04,11079.7,154.2,35
USG03761,CUST0208,2024-07,2220.2,178.5,29
USG03762,CUST0204,2024-05,7786.5,145.0,25
USG03763,CUST0070,2024-11,6636.8,48.6,22
USG03764,CUST0267,2024-03,30281.4,163.8,22
USG03765,CUST0052,2024-01,14412.4,128.8,29
USG03766,CUST0398,2024-03,2906.9,85.0,26
USG03767,CUST0062,2024-10,6988.8,21.9,26
USG03768,CUST0465,2024-09,3623.5,93.3,24
USG03769,CUST0316,2024-03,11319.2,136.3,23
USG03770,CUST0029,2024-02,13861.6,70.0,18
USG03771,CUST0316,2024-11,4395.8,116.7,26
USG03772,CUST0430,2024-07,19534.3,127.3,28
USG03773,CUST0467,2024-08,6186.9,105.7,28
USG03774,CUST0107,2024-01,13057.3,545.4,22
USG03775,CUST0018,2024-06,6784.8,85.6,18
USG03776,CUST0479,2024-12,17982.3,73.8,27
USG03777,CUST0282,2024-04,14750.8,168.8,30
USG03778,CUST0498,2024-08,8042.8,97.1,21
USG03779,CUST0123,2024-06,9823.0,283.2,27
USG03780,CUST0341,2024-07,14394.5,63.5,29
USG03781,CUST0470,2024-12,25945.5,40.8,31
USG03782,CUST0018,2024-08,18847.1,42.5,21
USG03783,CUST0270,2024-02,9901.2,103.2,24
USG03784,CUST0038,2024-01,6984.2,271.6,18
USG03785,CUST0251,2024-08,20129.1,186.0,28
USG03786,CUST0415,2024-02,13792.6,118.8,25
USG03787,CUST0402,2024-08,3136.0,177.1,30
USG03788,CUST0091,2024-11,18784.7,130.3,25
USG03789,CUST0164,2024-05,8794.5,119.1,29
USG03790,CUST0182,2024-11,3728.4,132.6,29
USG03791,CUST0478,2024-02,7154.3,79.2,26
USG03792,CUST0218,2024-04,8646.1,279.2,27
USG03793,CUST0048,2024-11,18202.3,55.5,29
USG03794,CUST0143,2024-01,4783.1,30.5,30
USG03795,CUST0496,2024-12,9957.0,138.5,33
USG03796,CUST0023,2024-11,17355.7,146.1,19
USG03797,CUST0185,2024-03,14452.3,191.3,25
USG03798,CUST0494,2024-08,1341.4,182.9,35
USG03799,CUST0008,2024-07,6210.5,158.7,15
USG03800,CUST0441,2024-03,9760.2,179.8,19
USG03801,CUST0212,2024-02,11115.4,134.1,26
USG03802,CUST0259,2024-12,7809.5,95.4,24
USG03803,CUST0242,2024-01,4087.9,55.1,20
USG03804,CUST0390,2024-05,8018.0,99.3,27
USG03805,CUST0298,2024-10,11161.9,38.7,13
USG03806,CUST0011,2024-10,4461.7,65.3,22
USG03807,CUST0481,2024-03,3206.9,96.7,23
USG03808,CUST0053,2024-01,8116.4,138.6,16
USG03809,CUST0194,2024-12,11143.0,73.1,21
USG03810,CUST0242,2024-08,9153.1,112.7,33
USG03811,CUST0081,2024-04,2769.9,197.3,26
USG03812,CUST0093,2024-09,3337.6,323.2,22
USG03813,CUST0309,2024-07,4990.9,233.6,26
USG03814,CUST0480,2024-10,7439.6,56.2,29
USG03815,CUST0227,2024-02,13881.3,11.0,23
USG03816,CUST0018,2024-06,2820.3,243.3,20
USG03817,CUST0303,2024-12,5870.5,32.7,24
USG03818,CUST0188,2024-06,3322.5,138.5,32
USG03819,CUST0473,2024-06,4725.9,140.9,21
USG03820,CUST0454,2024-02,7800.7,115.5,27
USG03821,CUST0402,2024-06,5048.2,184.7,20
USG03822,CUST0114,2024-08,13323.1,89.7,24
USG03823,CUST0334,2024-03,9823.4,159.6,24
USG03824,CUST0280,2024-02,7124.4,400.7,17
USG03825,CUST0085,2024-03,5183.3,257.1,22
USG03826,CUST0395,2024-01,14492.2,41.8,25
USG03827,CUST0188,2024-05,9359.4,208.6,19
USG03828,CUST0331,2024-10,4416.8,97.6,22
USG03829,CUST0011,2024-06,3955.6,151.6,25
USG03830,CUST0352,2024-10,9317.3,128.4,27
USG03831,CUST0341,2024-09,17467.4,45.0,29
USG03832,CUST0208,2024-08,8046.9,127.9,25
USG03833,CUST0426,2024-10,7900.3,59.7,25
USG03834,CUST0061,2024-11,1825.8,34.6,31
USG03835,CUST0420,2024-12,5595.6,313.1,29
USG03836,CUST0420,2024-06,18609.8,117.7,28
USG03837,CUST0468,2024-03,8620.4,94.2,34
USG03838,CUST0457,2024-04,10186.3,74.3,21
USG03839,CUST0164,2024-06,5275.2,223.6,34
USG03840,CUST0093,2024-12,21090.3,216.1,26
USG03841,CUST0303,2024-02,12901.1,62.2,32
USG03842,CUST0397,2024-09,5213.2,93.4,24
USG03843,CUST0487,2024-01,11362.4,76.2,24
USG03844,CUST0369,2024-05,7604.6,11.7,17
USG03845,CUST0500,2024-01,8281.2,82.0,24
USG03846,CUST0208,2024-02,4377.5,90.6,22
USG03847,CUST0169,2024-11,8090.9,153.0,25
USG03848,CUST0427,2024-02,5102.4,108.3,35
USG03849,CUST0358,2024-12,22067.1,37.3,16
USG03850,CUST0231,2024-03,4377.6,68.6,29
USG03851,CUST0238,2024-12,2041.7,96.1,25
USG03852,CUST0008,2024-08,3431.0,80.6,24
USG03853,CUST0117,2024-03,7820.4,127.4,31
USG03854,CUST0038,2024-08,10200.6,51.4,26
USG03855,CUST0208,2024-04,2885.2,197.2,25
USG03856,CUST0025,2024-08,8489.2,125.7,22
USG03857,CUST0106,2024-03,2966.7,338.6,23
USG03858,CUST0088,2024-04,7470.6,119.8,21
USG03859,CUST0093,2024-10,9020.6,95.8,25
USG03860,CUST0360,2024-10,8221.3,75.5,31
USG03861,CUST0061,2024-02,3874.9,143.7,24
USG03862,CUST0411,2024-02,11272.3,99.1,19
USG03863,CUST0386,2024-08,8730.1,244.3,28
USG03864,CUST0011,2024-07,12523.9,46.7,27
USG03865,CUST0055,2024-06,10961.4,125.9,29
USG03866,CUST0349,2024-09,9328.0,110.5,20
USG03867,CUST0322,2024-10,9458.5,100.7,22
USG03868,CUST0124,2024-12,487.9,215.2,20
USG03869,CUST0497,2024-03,8220.5,343.8,29
USG03870,CUST0182,2024-04,4769.1,128.1,27
USG03871,CUST0402,2024-07,7545.4,138.1,31
USG03872,CUST0487,2024-04,4121.0,153.9,27
USG03873,CUST0076,2024-01,5262.9,190.8,24
USG03874,CUST0089,2024-10,3046.5,143.3,25
USG03875,CUST0281,2024-09,9319.7,231.0,27
USG03876,CUST0152,2024-08,8428.4,54.9,24
USG03877,CUST0124,2024-01,12748.0,51.1,29
USG03878,CUST0048,2024-03,6538.2,270.8,28
USG03879,CUST0298,2024-09,6729.0,169.6,25
USG03880,CUST0181,2024-10,3957.0,90.7,20
USG03881,CUST0234,2024-07,7850.6,82.0,14
USG03882,CUST0040,2024-12,16047.8,110.9,29
USG03883,CUST0067,2024-08,8259.2,250.0,22
USG03884,CUST0026,2024-08,8514.8,220.4,30
USG03885,CUST0307,2024-08,9270.5,47.0,26
USG03886,CUST0318,2024-04,5766.7,612.6,27
USG03887,CUST0359,2024-11,10694.1,79.6,29
USG03888,CUST0016,2024-07,10538.8,39.4,23
USG03889,CUST0370,2024-08,3875.5,58.0,21
USG03890,CUST0281,2024-01,4980.4,100.5,27
USG03891,CUST0205,2024-04,5242.1,62.8,21
USG03892,CUST0285,2024-06,11586.3,114.8,27
USG03893,CUST0366,2024-02,1800.8,208.3,23
USG03894,CUST0293,2024-11,9041.6,88.4,20
USG03895,CUST0300,2024-07,20379.6,150.2,15
USG03896,CUST0438,2024-12,9477.8,74.0,20
USG03897,CUST0038,2024-10,6522.0,56.0,21
USG03898,CUST0029,2024-07,2729.8,67.1,23
USG03899,CUST0111,2024-07,10356.2,171.9,28
USG03900,CUST0159,2024-11,8763.5,56.1,24
USG03901,CUST0109,2024-05,6887.8,128.1,17
USG03902,CUST0288,2024-03,3796.1,79.0,32
USG03903,CUST0439,2024-01,6817.9,120.2,18
USG03904,CUST0438,2024-11,4352.1,2.3,21
USG03905,CUST0066,2024-03,14645.8,15.7,20
USG03906,CUST0050,2024-10,15018.7,61.6,19
USG03907,CUST0050,2024-05,11761.8,242.9,20
USG03908,CUST0207,2024-01,11671.9,213.4,34
USG03909,CUST0161,2024-11,14981.2,154.0,25
USG03910,CUST0283,2024-03,10486.7,396.1,24
USG03911,CUST0447,2024-08,8063.3,160.0,23
USG03912,CUST0384,2024-05,10398.4,84.8,29
USG03913,CUST0066,2024-12,7481.4,35.3,18
USG03914,CUST0481,2024-10,13003.7,186.5,25
USG03915,CUST0117,2024-06,21518.9,137.3,17
USG03916,CUST0114,2024-02,9756.9,102.6,24
USG03917,CUST0489,2024-03,8242.1,61.7,31
USG03918,CUST0361,2024-03,16950.0,251.4,23
USG03919,CUST0484,2024-02,10393.8,97.5,23
USG03920,CUST0180,2024-01,7146.4,27.5,19
USG03921,CUST0283,2024-04,4660.9,61.0,20
USG03922,CUST0218,2024-06,13771.3,365.3,26
USG03923,CUST0486,2024-01,2918.9,236.8,25
USG03924,CUST0454,2024-02,2627.8,106.5,16
USG03925,CUST0049,2024-08,6831.1,59.7,25
USG03926,CUST0495,2024-12,6434.7,73.8,27
USG03927,CUST0242,2024-09,11791.5,14.9,26
USG03928,CUST0123,2024-06,8598.7,133.1,23
USG03929,CUST0262,2024-06,10226.7,19.5,35
USG03930,CUST0114,2024-10,12693.6,91.0,18
USG03931,CUST0286,2024-10,14235.0,83.6,32
USG03932,CUST0153,2024-08,6830.9,399.9,25
USG03933,CUST0130,2024-10,7438.9,47.8,27
USG03934,CUST0285,2024-04,25842.7,77.4,28
USG03935,CUST0118,2024-10,7850.2,61.7,22
USG03936,CUST0140,2024-05,7488.4,48.9,30
USG03937,CUST0173,2024-02,9334.3,11.0,25
USG03938,CUST0406,2024-02,5016.5,114.1,17
USG03939,CUST0203,2024-03,4616.9,54.6,30
USG03940,CUST0270,2024-01,6312.8,161.1,21
USG03941,CUST0242,2024-08,11155.1,116.8,25
USG03942,CUST0414,2024-11,11317.1,131.6,20
USG03943,CUST0283,2024-01,5060.4,33.3,26
USG03944,CUST0459,2024-06,17379.9,256.7,22
USG03945,CUST0471,2024-04,10565.9,148.6,25
USG03946,CUST0319,2024-09,4057.8,159.6,23
USG03947,CUST0034,2024-07,3244.3,315.5,20
USG03948,CUST0468,2024-11,4847.8,112.5,20
USG03949,CUST0402,2024-04,8043.0,83.6,19
USG03950,CUST0332,2024-10,8142.7,31.5,17
USG03951,CUST0019,2024-12,3507.5,122.3,24
USG03952,CUST0189,2024-11,3872.1,71.9,24
USG03953,CUST0470,2024-05,4658.6,184.5,24
USG03954,CUST0367,2024-03,13598.1,80.1,25
USG03955,CUST0182,2024-11,4107.4,59.4,23
USG03956,CUST0471,2024-11,20303.4,160.8,21
USG03957,CUST0386,2024-05,10928.4,60.2,33
USG03958,CUST0099,2024-04,5319.2,87.3,25
USG03959,CUST0261,2024-11,22968.4,99.4,34
USG03960,CUST0132,2024-09,26097.9,124.6,24
USG03961,CUST0120,2024-12,12488.2,76.2,25
USG03962,CUST0038,2024-11,5606.9,72.0,31
USG03963,CUST0419,2024-03,9268.4,65.3,22
USG03964,CUST0498,2024-09,9061.4,92.3,26
USG03965,CUST0192,2024-07,6401.4,331.6,21
USG03966,CUST0029,2024-02,7480.8,77.5,17
USG03967,CUST0434,2024-03,7509.4,42.9,17
USG03968,CUST0383,2024-03,19246.8,52.8,20
USG03969,CUST0466,2024-09,13812.4,309.9,28
USG03970,CUST0287,2024-08,5016.4,166.2,24
USG03971,CUST0313,2024-12,9945.3,150.1,25
USG03972,CUST0484,2024-01,7776.8,49.9,22
USG03973,CUST0383,2024-09,20096.8,37.0,29
USG03974,CUST0009,2024-01,10395.1,22.4,28
USG03975,CUST0290,2024-01,3605.5,135.6,27
USG03976,CUST0200,2024-09,10230.4,86.2,24
USG03977,CUST0486,2024-04,3170.4,24.0,26
USG03978,CUST0092,2024-01,4570.7,207.7,32
USG03979,CUST0076,2024-08,6519.6,61.5,32
USG03980,CUST0121,2024-12,13098.2,103.0,26
USG03981,CUST0448,2024-06,13971.3,177.2,20
USG03982,CUST0386,2024-01,7143.4,123.8,21
USG03983,CUST0083,2024-01,7735.0,113.7,35
USG03984,CUST0363,2024-02,6301.8,51.0,26
USG03985,CUST0131,2024-05,5131.4,308.8,29
USG03986,CUST0199,2024-09,18408.8,57.3,32
USG03987,CUST0041,2024-10,3557.0,118.2,20
USG03988,CUST0054,2024-06,2625.7,51.2,20
USG03989,CUST0200,2024-12,14108.4,140.3,22
USG03990,CUST0203,2024-05,4771.4,145.9,26
USG03991,CUST0496,2024-10,28055.1,52.2,26
USG03992,CUST0444,2024-12,7878.4,168.1,23
USG03993,CUST0467,2024-06,4443.5,128.5,30
USG03994,CUST0388,2024-11,12413.3,309.9,24
USG03995,CUST0039,2024-01,13156.7,13.4,22
USG03996,CUST0162,2024-11,4593.1,84.4,34
USG03997,CUST0202,2024-05,5976.9,15.3,24
USG03998,CUST0393,2024-03,3937.7,159.1,30
USG03999,CUST0050,2024-09,3189.4,53.6,22
USG04000,CUST0301,2024-05,15357.3,70.5,25
USG04001,CUST0058,2024-03,12215.1,78.6,23
USG04002,CUST0398,2024-12,7275.7,42.2,23
USG04003,CUST0212,2024-10,10808.1,73.8,32
USG04004,CUST0007,2024-05,2966.0,48.0,20
USG04005,CUST0251,2024-06,16547.1,174.6,16
USG04006,CUST0083,2024-10,16809.5,8.6,26
USG04007,CUST0152,2024-04,9046.7,56.5,23
USG04008,CUST0184,2024-04,4639.0,72.0,33
USG04009,CUST0195,2024-06,4435.4,99.4,26
USG04010,CUST0374,2024-08,6115.6,55.9,25
USG04011,CUST0127,2024-11,3577.7,258.6,22
USG04012,CUST0422,2024-04,5507.3,134.2,27
USG04013,CUST0476,2024-10,10459.9,171.8,25
USG04014,CUST0210,2024-03,11495.4,13.8,26
USG04015,CUST0250,2024-08,6307.2,133.8,21
USG04016,CUST0273,2024-04,10883.8,75.7,30
USG04017,CUST0177,2024-02,6699.7,166.4,21
USG04018,CUST0181,2024-02,3733.9,145.9,28
USG04019,CUST0305,2024-11,12857.2,84.0,27
USG04020,CUST0296,2024-10,4715.7,197.7,31
USG04021,CUST0218,2024-10,19742.9,234.5,25
USG04022,CUST0047,2024-06,4242.6,105.7,24
USG04023,CUST0079,2024-06,13295.8,267.5,30
USG04024,CUST0069,2024-05,10564.9,190.3,27
USG04025,CUST0390,2024-01,14663.6,43.1,24
USG04026,CUST0301,2024-05,7806.0,169.1,18
USG04027,CUST0298,2024-12,24023.7,52.7,22
USG04028,CUST0293,2024-03,4617.7,58.8,21
USG04029,CUST0039,2024-09,4475.8,30.2,32
USG04030,CUST0263,2024-09,5900.3,172.1,28
USG04031,CUST0009,2024-06,7559.4,115.5,23
USG04032,CUST0058,2024-08,10451.5,58.8,24
USG04033,CUST0223,2024-02,7266.5,71.3,29
USG04034,CUST0134,2024-09,10951.9,58.0,26
USG04035,CUST0202,2024-04,3732.4,90.8,22
USG04036,CUST0406,2024-03,11844.4,91.7,26
USG04037,CUST0220,2024-03,3034.1,272.9,30
USG04038,CUST0406,2024-07,8568.2,44.0,20
USG04039,CUST0390,2024-06,6259.8,34.5,30
USG04040,CUST0254,2024-10,10493.7,68.7,15
USG04041,CUST0486,2024-01,9529.4,68.9,39
USG04042,CUST0281,2024-02,4938.7,178.1,32
USG04043,CUST0491,2024-02,7072.1,61.9,25
USG04044,CUST0157,2024-12,3756.5,109.2,19
USG04045,CUST0219,2024-02,5095.8,355.3,26
USG04046,CUST0202,2024-02,1388.2,324.2,18
USG04047,CUST0464,2024-03,3805.8,81.1,30
USG04048,CUST0316,2024-03,8656.3,177.9,25
USG04049,CUST0019,2024-07,11528.2,23.0,31
USG04050,CUST0138,2024-11,1465.6,136.8,25
USG04051,CUST0299,2024-05,9392.4,106.6,32
USG04052,CUST0066,2024-09,6357.9,207.7,26
USG04053,CUST0486,2024-12,1647.1,157.5,33
USG04054,CUST0061,2024-08,3233.4,72.0,25
USG04055,CUST0001,2024-03,4849.8,158.6,20
USG04056,CUST0349,2024-05,13524.9,60.6,26
USG04057,CUST0424,2024-10,11653.9,151.9,13
USG04058,CUST0218,2024-07,8367.0,280.5,21
USG04059,CUST0256,2024-01,7481.0,141.1,29
USG04060,CUST0185,2024-09,7281.1,212.3,28
USG04061,CUST0189,2024-12,4262.7,114.0,27
USG04062,CUST0318,2024-08,8444.3,306.1,25
USG04063,CUST0402,2024-12,8854.6,220.6,21
USG04064,CUST0415,2024-04,6844.5,248.8,26
USG04065,CUST0130,2024-09,8245.8,202.7,16
USG04066,CUST0405,2024-10,20113.9,49.8,25
USG04067,CUST0325,2024-01,9984.0,61.0,24
USG04068,CUST0036,2024-02,14548.2,19.1,15
USG04069,CUST0442,2024-12,1599.9,63.7,36
USG04070,CUST0251,2024-10,6278.1,43.5,27
USG04071,CUST0211,2024-03,9113.7,26.2,30
USG04072,CUST0061,2024-01,18095.2,82.4,25
USG04073,CUST0500,2024-06,11886.0,219.3,21
USG04074,CUST0287,2024-01,5215.4,103.3,18
USG04075,CUST0240,2024-02,7589.1,254.2,28
USG04076,CUST0473,2024-01,5604.6,151.4,30
USG04077,CUST0028,2024-01,2228.1,349.6,32
USG04078,CUST0200,2024-06,8544.8,83.4,27
USG04079,CUST0177,2024-01,10976.6,106.4,27
USG04080,CUST0180,2024-08,8496.1,173.8,27
USG04081,CUST0253,2024-05,6411.3,102.6,25
USG04082,CUST0157,2024-09,5603.1,93.1,21
USG04083,CUST0170,2024-04,1030.8,151.6,30
USG04084,CUST0441,2024-11,13400.4,30.7,21
USG04085,CUST0144,2024-09,13122.0,102.3,35
USG04086,CUST0454,2024-01,7555.0,222.0,22
USG04087,CUST0271,2024-09,3820.0,105.7,18
USG04088,CUST0495,2024-04,3122.5,72.9,22
USG04089,CUST0305,2024-02,7690.2,85.7,28
USG04090,CUST0473,2024-04,10610.9,205.0,17
USG04091,CUST0256,2024-12,12994.6,132.3,24
USG04092,CUST0160,2024-08,2224.6,208.0,27
USG04093,CUST0402,2024-06,8202.4,15.6,20
USG04094,CUST0396,2024-01,15271.6,107.8,20
USG04095,CUST0170,2024-11,4694.9,76.8,24
USG04096,CUST0025,2024-09,14832.3,71.6,28
USG04097,CUST0083,2024-12,807.9,59.2,26
USG04098,CUST0099,2024-04,6354.4,182.9,26
USG04099,CUST0195,2024-07,11625.1,125.1,23
USG04100,CUST0062,2024-09,11058.7,46.6,25
USG04101,CUST0019,2024-03,4271.9,246.4,27
USG04102,CUST0049,2024-12,7390.3,96.4,33
USG04103,CUST0181,2024-04,11383.5,107.5,27
USG04104,CUST0089,2024-09,12757.0,58.5,21
USG04105,CUST0075,2024-08,7969.6,76.6,17
USG04106,CUST0440,2024-06,8210.8,171.8,22
USG04107,CUST0406,2024-01,23469.5,76.2,20
USG04108,CUST0160,2024-01,5240.0,117.6,17
USG04109,CUST0402,2024-05,4998.1,63.0,25
USG04110,CUST0331,2024-07,6016.0,134.2,19
USG04111,CUST0458,2024-06,6689.3,76.0,28
USG04112,CUST0319,2024-06,10949.8,108.4,29
USG04113,CUST0121,2024-05,5355.0,238.6,37
USG04114,CUST0182,2024-03,26518.8,37.4,18
USG04115,CUST0369,2024-12,10604.4,36.9,28
USG04116,CUST0205,2024-12,10481.8,233.1,25
USG04117,CUST0402,2024-05,3438.3,80.8,23
USG04118,CUST0492,2024-05,4119.5,97.0,29
USG04119,CUST0436,2024-04,11744.4,143.1,21
USG04120,CUST0300,2024-09,12046.0,181.5,25
USG04121,CUST0250,2024-11,6114.8,152.9,21
USG04122,CUST0164,2024-07,6847.8,180.1,24
USG04123,CUST0200,2024-03,4564.0,28.7,24
USG04124,CUST0425,2024-11,3996.2,90.2,25
USG04125,CUST0315,2024-10,3181.6,72.1,27
USG04126,CUST0321,2024-10,14448.8,403.6,30
USG04127,CUST0416,2024-01,8816.0,181.5,27
USG04128,CUST0091,2024-03,10446.4,279.5,26
USG04129,CUST0101,2024-09,8801.5,146.6,31
USG04130,CUST0223,2024-02,10250.5,239.9,22
USG04131,CUST0300,2024-07,4829.9,165.3,24
USG04132,CUST0161,2024-10,19123.0,43.4,27
USG04133,CUST0319,2024-12,7403.2,84.8,22
USG04134,CUST0121,2024-05,2991.8,385.8,37
USG04135,CUST0040,2024-12,16838.3,83.1,33
USG04136,CUST0265,2024-03,6527.6,106.7,22
USG04137,CUST0071,2024-08,14978.6,208.5,28
USG04138,CUST0126,2024-06,2723.8,38.5,32
USG04139,CUST0335,2024-03,4141.3,190.8,21
USG04140,CUST0109,2024-09,19032.5,25.1,20
USG04141,CUST0120,2024-01,4059.7,270.7,24
USG04142,CUST0475,2024-10,4888.1,79.3,22
USG04143,CUST0093,2024-08,5481.6,104.5,19
USG04144,CUST0439,2024-04,5222.4,133.5,34
USG04145,CUST0216,2024-08,16850.8,19.1,19
USG04146,CUST0042,2024-10,11286.0,351.8,24
USG04147,CUST0248,2024-06,3757.5,55.1,19
USG04148,CUST0119,2024-05,4393.4,61.8,26
USG04149,CUST0262,2024-03,7583.7,165.4,28
USG04150,CUST0366,2024-02,7154.4,63.2,23
USG04151,CUST0281,2024-12,2345.1,191.1,28
USG04152,CUST0305,2024-04,3756.5,18.7,21
USG04153,CUST0210,2024-06,7273.0,14.8,18
USG04154,CUST0083,2024-01,18647.4,198.3,22
USG04155,CUST0433,2024-12,6691.1,52.5,20
USG04156,CUST0185,2024-06,9465.6,63.4,25
USG04157,CUST0398,2024-11,7383.5,123.8,23
USG04158,CUST0185,2024-08,18362.1,171.3,21
USG04159,CUST0343,2024-12,5912.3,268.3,22
USG04160,CUST0048,2024-06,14509.8,65.9,29
USG04161,CUST0207,2024-02,13937.6,114.2,24
USG04162,CUST0319,2024-03,3417.0,89.5,30
USG04163,CUST0162,2024-03,8921.0,186.3,26
USG04164,CUST0265,2024-04,5235.6,124.8,25
USG04165,CUST0398,2024-12,20995.4,61.3,18
USG04166,CUST0011,2024-08,5261.1,77.9,21
USG04167,CUST0154,2024-07,6575.0,241.0,26
USG04168,CUST0366,2024-08,7854.5,53.3,21
USG04169,CUST0280,2024-10,11141.6,32.4,25
USG04170,CUST0363,2024-07,3446.2,50.6,21
USG04171,CUST0120,2024-03,10089.0,8.3,29
USG04172,CUST0424,2024-04,5969.2,272.5,20
USG04173,CUST0026,2024-10,4993.8,106.6,30
USG04174,CUST0089,2024-05,3237.3,159.9,34
USG04175,CUST0228,2024-02,6381.4,91.9,32
USG04176,CUST0383,2024-06,3580.6,117.9,21
USG04177,CUST0217,2024-04,1685.4,159.1,30
USG04178,CUST0168,2024-04,15475.2,87.7,23
USG04179,CUST0343,2024-08,17196.5,28.8,36
USG04180,CUST0188,2024-11,7188.3,94.8,30
USG04181,CUST0424,2024-09,11477.1,175.6,20
USG04182,CUST0410,2024-07,13314.9,112.6,25
USG04183,CUST0219,2024-11,4981.1,32.2,29
USG04184,CUST0318,2024-08,14167.4,185.2,26
USG04185,CUST0303,2024-01,18390.7,199.4,26
USG04186,CUST0014,2024-06,13501.2,158.2,26
USG04187,CUST0081,2024-09,14712.6,132.0,16
USG04188,CUST0226,2024-04,7012.8,108.7,22
USG04189,CUST0218,2024-10,6808.0,58.6,22
USG04190,CUST0391,2024-05,4676.8,275.8,19
USG04191,CUST0083,2024-09,6762.7,102.2,23
USG04192,CUST0350,2024-11,17590.5,125.6,27
USG04193,CUST0135,2024-09,15758.6,108.6,28
USG04194,CUST0120,2024-06,5494.0,289.0,14
USG04195,CUST0497,2024-08,7609.7,111.8,34
USG04196,CUST0092,2024-10,3860.4,84.1,32
USG04197,CUST0126,2024-01,1796.1,88.2,17
USG04198,CUST0143,2024-03,2564.9,226.3,25
USG04199,CUST0140,2024-06,16154.5,34.5,14
USG04200,CUST0235,2024-12,3643.6,112.2,24
USG04201,CUST0287,2024-05,7901.6,42.0,25
USG04202,CUST0206,2024-08,13231.0,129.6,16
USG04203,CUST0152,2024-01,4066.5,57.9,30
USG04204,CUST0171,2024-10,10130.3,35.5,27
USG04205,CUST0465,2024-07,8565.4,267.3,22
USG04206,CUST0402,2024-11,5593.7,200.0,31
USG04207,CUST0500,2024-09,8149.9,195.8,24
USG04208,CUST0163,2024-01,15602.5,16.3,32
USG04209,CUST0252,2024-02,7306.6,80.0,30
USG04210,CUST0145,2024-11,4831.2,39.6,25
USG04211,CUST0056,2024-05,3423.0,283.4,35
USG04212,CUST0395,2024-09,8351.4,93.4,28
USG04213,CUST0143,2024-01,5887.1,129.8,37
USG04214,CUST0048,2024-11,6214.0,260.9,30
USG04215,CUST0162,2024-09,11107.9,101.9,25
USG04216,CUST0152,2024-08,11389.7,127.9,31
USG04217,CUST0018,2024-10,8181.0,13.4,34
USG04218,CUST0076,2024-07,9940.1,132.3,28
USG04219,CUST0039,2024-05,9004.2,179.5,26
USG04220,CUST0463,2024-10,20265.5,360.2,27
USG04221,CUST0072,2024-01,6344.4,32.8,20
USG04222,CUST0442,2024-08,7426.5,489.7,27
USG04223,CUST0031,2024-04,5265.5,87.3,31
USG04224,CUST0498,2024-12,14355.0,40.7,35
USG04225,CUST0397,2024-11,4347.0,156.2,27
USG04226,CUST0160,2024-05,6501.5,30.7,24
USG04227,CUST0210,2024-07,5897.5,418.7,24
USG04228,CUST0479,2024-07,9756.8,272.1,24
USG04229,CUST0424,2024-07,19132.1,214.8,24
USG04230,CUST0420,2024-10,14871.5,81.3,22
USG04231,CUST0025,2024-04,2971.4,133.0,32
USG04232,CUST0160,2024-04,5107.4,75.1,27
USG04233,CUST0465,2024-05,3391.7,91.5,20
USG04234,CUST0282,2024-09,9311.4,86.8,24
USG04235,CUST0378,2024-11,2994.4,209.0,26
USG04236,CUST0242,2024-10,3804.9,180.6,20
USG04237,CUST0040,2024-12,31047.5,160.6,20
USG04238,CUST0040,2024-07,12966.0,248.5,28
USG04239,CUST0244,2024-05,2299.4,97.2,18
USG04240,CUST0123,2024-04,2149.1,28.4,25
USG04241,CUST0134,2024-02,10966.3,293.8,20
USG04242,CUST0415,2024-10,13060.4,197.1,28
USG04243,CUST0474,2024-02,14535.3,110.9,20
USG04244,CUST0045,2024-04,6209.1,169.2,19
USG04245,CUST0033,2024-08,6261.9,33.4,36
USG04246,CUST0036,2024-04,4282.2,219.1,23
USG04247,CUST0068,2024-08,4952.5,91.7,29
USG04248,CUST0204,2024-04,11549.6,137.8,21
USG04249,CUST0247,2024-07,9254.8,14.2,26
USG04250,CUST0318,2024-12,13372.9,30.4,37
USG04251,CUST0214,2024-02,12033.5,149.0,23
USG04252,CUST0492,2024-03,10613.4,154.9,22
USG04253,CUST0093,2024-04,5417.4,215.8,22
USG04254,CUST0175,2024-07,8920.9,27.5,22
USG04255,CUST0486,2024-10,6342.2,451.7,31
USG04256,CUST0252,2024-09,18739.3,84.3,19
USG04257,CUST0001,2024-06,10989.0,207.0,34
USG04258,CUST0280,2024-04,13200.0,124.8,25
USG04259,CUST0491,2024-05,6959.0,28.8,25
USG04260,CUST0054,2024-03,18147.2,82.5,36
USG04261,CUST0433,2024-12,12980.2,36.7,26
USG04262,CUST0026,2024-03,5320.8,47.1,34
USG04263,CUST0491,2024-08,10056.1,171.6,22
USG04264,CUST0386,2024-09,4701.9,211.0,23
USG04265,CUST0044,2024-02,13908.5,2.5,23
USG04266,CUST0485,2024-10,2540.2,52.9,21
USG04267,CUST0189,2024-03,11186.6,190.2,25
USG04268,CUST0364,2024-10,10201.0,172.2,28
USG04269,CUST0133,2024-12,14460.1,229.8,23
USG04270,CUST0061,2024-10,6838.5,103.7,25
USG04271,CUST0234,2024-12,23259.7,188.3,31
USG04272,CUST0362,2024-09,16917.4,139.4,22
USG04273,CUST0349,2024-02,10763.3,127.9,25
USG04274,CUST0319,2024-04,3436.3,121.4,24
USG04275,CUST0352,2024-06,1929.0,102.7,32
USG04276,CUST0182,2024-10,8017.9,88.7,34
USG04277,CUST0426,2024-09,5090.5,21.7,26
USG04278,CUST0398,2024-06,10826.1,157.1,22
USG04279,CUST0360,2024-07,11566.9,75.5,26
USG04280,CUST0333,2024-02,5746.6,57.9,38
USG04281,CUST0195,2024-06,5402.2,54.8,30
USG04282,CUST0120,2024-07,9464.9,169.1,25
USG04283,CUST0114,2024-11,6258.2,208.7,30
USG04284,CUST0360,2024-06,4476.9,234.3,20
USG04285,CUST0309,2024-09,9875.2,83.8,22
USG04286,CUST0458,2024-04,5367.4,119.5,24
USG04287,CUST0053,2024-12,16349.8,179.8,22
USG04288,CUST0202,2024-03,4852.9,257.1,22
USG04289,CUST0429,2024-01,7497.3,61.0,25
USG04290,CUST0123,2024-10,12421.4,189.9,27
USG04291,CUST0069,2024-08,4006.6,50.3,33
USG04292,CUST0276,2024-01,21621.3,55.2,15
USG04293,CUST0178,2024-10,16180.4,95.5,26
USG04294,CUST0182,2024-11,11481.2,174.9,18
USG04295,CUST0036,2024-05,4964.8,60.6,17
USG04296,CUST0462,2024-12,9413.0,68.8,26
USG04297,CUST0304,2024-01,8199.6,80.7,24
USG04298,CUST0054,2024-03,8298.1,41.3,25
USG04299,CUST0385,2024-05,9274.3,177.3,29
USG04300,CUST0479,2024-10,17882.4,172.8,26
USG04301,CUST0210,2024-04,15158.0,118.5,19
USG04302,CUST0157,2024-02,7735.3,106.6,35
USG04303,CUST0230,2024-06,8828.5,166.8,26
USG04304,CUST0087,2024-10,6782.9,91.3,27
USG04305,CUST0062,2024-04,3852.1,119.7,25
USG04306,CUST0402,2024-01,8946.7,69.7,20
USG04307,CUST0212,2024-06,5420.0,252.5,19
USG04308,CUST0479,2024-01,22263.6,194.8,24
USG04309,CUST0063,2024-09,9315.9,115.4,22
USG04310,CUST0192,2024-08,7281.0,165.4,30
USG04311,CUST0461,2024-12,11416.5,26.9,21
USG04312,CUST0386,2024-11,6785.9,99.7,25
USG04313,CUST0132,2024-04,4402.0,265.7,35
USG04314,CUST0029,2024-10,18789.0,241.3,27
USG04315,CUST0281,2024-02,9837.6,187.9,28
USG04316,CUST0076,2024-06,10056.8,205.4,33
USG04317,CUST0144,2024-02,3550.4,182.1,27
USG04318,CUST0202,2024-04,18449.3,152.5,33
USG04319,CUST0464,2024-09,12101.1,455.7,26
USG04320,CUST0292,2024-12,9093.6,61.1,30
USG04321,CUST0096,2024-12,3367.9,26.7,26
USG04322,CUST0305,2024-09,13382.4,20.3,26
USG04323,CUST0117,2024-03,6371.1,158.6,25
USG04324,CUST0163,2024-04,4175.3,203.6,31
USG04325,CUST0381,2024-09,9797.7,27.2,17
USG04326,CUST0281,2024-12,4587.5,68.6,30
USG04327,CUST0475,2024-06,11137.8,40.1,20
USG04328,CUST0218,2024-05,4083.3,171.7,15
USG04329,CUST0484,2024-03,8576.7,203.2,23
USG04330,CUST0023,2024-07,7452.2,125.8,23
USG04331,CUST0309,2024-07,16564.4,97.9,22
USG04332,CUST0335,2024-05,6088.0,67.6,22
USG04333,CUST0490,2024-11,14922.4,66.0,30
USG04334,CUST0159,2024-12,7291.9,66.8,26
USG04335,CUST0412,2024-12,12833.5,221.4,20
USG04336,CUST0486,2024-07,18185.2,155.5,27
USG04337,CUST0321,2024-01,15481.7,79.2,28
USG04338,CUST0048,2024-03,19024.7,117.2,25
USG04339,CUST0418,2024-02,8719.3,60.1,32
USG04340,CUST0422,2024-02,5510.4,156.5,14
USG04341,CUST0384,2024-06,9745.7,39.3,34
USG04342,CUST0115,2024-06,11984.6,68.4,23
USG04343,CUST0074,2024-06,5393.7,99.3,25
USG04344,CUST0493,2024-09,16545.3,156.8,20
USG04345,CUST0147,2024-02,12008.4,80.4,20
USG04346,CUST0211,2024-06,9875.4,82.4,20
USG04347,CUST0324,2024-03,7792.7,96.1,30
USG04348,CUST0420,2024-09,3590.2,64.7,30
USG04349,CUST0344,2024-09,6739.5,211.0,37
USG04350,CUST0121,2024-03,7678.6,426.1,36
USG04351,CUST0452,2024-04,15702.2,124.6,23
USG04352,CUST0494,2024-07,6403.4,50.8,37
USG04353,CUST0201,2024-04,4689.3,53.5,25
USG04354,CUST0063,2024-07,15626.9,192.3,26
USG04355,CUST0061,2024-07,6480.5,66.5,16
USG04356,CUST0395,2024-08,9539.6,39.6,34
USG04357,CUST0315,2024-11,3255.0,44.8,27
USG04358,CUST0403,2024-08,3377.5,103.8,15
USG04359,CUST0257,2024-04,10251.3,160.3,26
USG04360,CUST0127,2024-01,7369.1,87.8,29
USG04361,CUST0384,2024-09,2640.3,47.9,36
USG04362,CUST0224,2024-05,4138.0,117.9,27
USG04363,CUST0485,2024-11,5995.0,249.0,16
USG04364,CUST0143,2024-09,1013.5,217.3,32
USG04365,CUST0170,2024-08,6280.4,70.4,27
USG04366,CUST0417,2024-04,12302.0,137.4,30
USG04367,CUST0189,2024-09,9664.8,77.7,23
USG04368,CUST0464,2024-09,2001.6,151.5,29
USG04369,CUST0364,2024-04,6652.5,49.6,24
USG04370,CUST0402,2024-11,16041.1,92.0,27
USG04371,CUST0407,2024-07,12178.5,438.0,25
USG04372,CUST0033,2024-08,2724.9,54.0,24
USG04373,CUST0202,2024-11,17299.3,45.1,28
USG04374,CUST0049,2024-04,6731.4,60.0,27
USG04375,CUST0305,2024-02,8503.0,76.0,30
USG04376,CUST0026,2024-05,13562.6,8.0,26
USG04377,CUST0207,2024-01,13969.5,32.0,21
USG04378,CUST0484,2024-03,7876.1,64.5,28
USG04379,CUST0385,2024-11,4797.6,33.2,25
USG04380,CUST0069,2024-08,1865.4,137.4,27
USG04381,CUST0039,2024-04,14132.8,25.9,27
USG04382,CUST0390,2024-11,9189.2,230.7,26
USG04383,CUST0415,2024-01,1409.8,28.3,19
USG04384,CUST0020,2024-11,14462.2,189.5,38
USG04385,CUST0131,2024-05,8077.2,191.7,25
USG04386,CUST0259,2024-06,11495.6,75.7,20
USG04387,CUST0143,2024-06,5823.6,239.9,24
USG04388,CUST0437,2024-05,11909.5,181.1,14
USG04389,CUST0077,2024-02,8514.4,49.9,20
USG04390,CUST0384,2024-09,16221.8,98.2,30
USG04391,CUST0232,2024-06,23058.9,141.2,25
USG04392,CUST0391,2024-04,9695.0,52.2,24
USG04393,CUST0367,2024-05,6968.7,54.2,25
USG04394,CUST0061,2024-08,6160.5,9.4,27
USG04395,CUST0290,2024-02,27978.8,127.5,20
USG04396,CUST0120,2024-03,14794.3,22.6,16
USG04397,CUST0286,2024-07,4474.1,75.6,22
USG04398,CUST0120,2024-06,5963.2,103.0,19
USG04399,CUST0088,2024-06,9770.4,212.1,27
USG04400,CUST0244,2024-09,14308.9,230.1,27
USG04401,CUST0390,2024-01,6352.2,61.6,26
USG04402,CUST0154,2024-07,4342.2,22.7,20
USG04403,CUST0120,2024-07,1841.2,104.4,23
USG04404,CUST0406,2024-09,13195.0,81.8,31
USG04405,CUST0340,2024-04,7497.7,252.1,24
USG04406,CUST0152,2024-06,7338.8,132.8,22
USG04407,CUST0489,2024-01,10833.2,41.3,30
USG04408,CUST0307,2024-01,4894.1,108.3,27
USG04409,CUST0068,2024-10,7154.6,130.9,21
USG04410,CUST0383,2024-12,3547.7,83.3,23
USG04411,CUST0313,2024-04,1151.5,61.2,26
USG04412,CUST0054,2024-04,10536.9,159.3,29
USG04413,CUST0154,2024-07,12299.6,278.3,25
USG04414,CUST0402,2024-04,9035.3,108.0,34
USG04415,CUST0456,2024-05,11003.4,122.9,22
USG04416,CUST0402,2024-01,10452.3,245.9,18
USG04417,CUST0162,2024-04,12531.7,158.3,30
USG04418,CUST0350,2024-12,8219.7,34.7,21
USG04419,CUST0011,2024-02,1560.2,145.7,26
USG04420,CUST0256,2024-09,8494.5,30.4,26
USG04421,CUST0471,2024-04,8028.9,157.4,29
USG04422,CUST0271,2024-04,4915.1,205.9,23
USG04423,CUST0300,2024-09,3043.1,34.9,29
USG04424,CUST0433,2024-03,4359.7,23.2,29
USG04425,CUST0033,2024-03,11507.9,35.8,36
USG04426,CUST0109,2024-01,4348.9,156.8,28
USG04427,CUST0334,2024-02,1746.1,134.9,25
USG04428,CUST0040,2024-12,3256.7,176.1,30
USG04429,CUST0067,2024-02,10965.7,55.6,20
USG04430,CUST0061,2024-05,4295.7,79.0,15
USG04431,CUST0009,2024-09,15796.0,164.4,27
USG04432,CUST0208,2024-08,21408.7,125.1,28
USG04433,CUST0270,2024-09,5464.6,101.5,33
USG04434,CUST0071,2024-06,4424.4,9.1,27
USG04435,CUST0112,2024-04,10203.6,28.7,25
USG04436,CUST0106,2024-09,8347.7,196.1,23
USG04437,CUST0296,2024-10,7631.7,461.7,26
USG04438,CUST0050,2024-02,6533.7,119.7,25
USG04439,CUST0122,2024-08,589.0,123.2,21
USG04440,CUST0110,2024-07,3641.5,85.4,28
USG04441,CUST0371,2024-11,6159.9,14.8,20
USG04442,CUST0009,2024-02,25208.0,173.9,25
USG04443,CUST0386,2024-04,5591.7,175.3,23
USG04444,CUST0291,2024-09,5848.9,86.8,26
USG04445,CUST0290,2024-01,4920.2,113.4,32
USG04446,CUST0189,2024-11,9973.7,45.6,20
USG04447,CUST0309,2024-01,12919.0,133.1,25
USG04448,CUST0301,2024-04,6741.5,227.7,30
USG04449,CUST0433,2024-04,7466.3,7.1,21
USG04450,CUST0324,2024-01,1465.7,79.0,19
USG04451,CUST0303,2024-12,2961.9,31.9,20
USG04452,CUST0096,2024-10,6386.9,224.2,20
USG04453,CUST0254,2024-07,8589.3,323.0,27
USG04454,CUST0053,2024-01,5659.3,89.9,24
USG04455,CUST0016,2024-09,11327.1,138.1,23
USG04456,CUST0444,2024-09,20396.1,571.7,29
USG04457,CUST0465,2024-12,7763.5,117.1,21
USG04458,CUST0205,2024-01,15011.3,43.2,32
USG04459,CUST0195,2024-06,7677.4,22.2,14
USG04460,CUST0092,2024-03,20976.8,199.4,19
USG04461,CUST0011,2024-08,7374.6,138.8,26
USG04462,CUST0319,2024-05,6142.4,82.8,21
USG04463,CUST0282,2024-02,9377.9,101.8,28
USG04464,CUST0299,2024-02,5891.4,228.2,21
USG04465,CUST0458,2024-02,1813.2,135.3,30
USG04466,CUST0398,2024-07,6505.2,239.5,21
USG04467,CUST0088,2024-03,8224.3,143.2,31
USG04468,CUST0258,2024-01,13088.0,35.1,34
USG04469,CUST0175,2024-11,26812.9,244.4,25
USG04470,CUST0327,2024-12,4561.8,89.9,22
USG04471,CUST0211,2024-11,10494.7,58.1,21
USG04472,CUST0494,2024-02,7924.5,229.5,25
USG04473,CUST0207,2024-10,10815.9,91.4,25
USG04474,CUST0256,2024-04,18116.9,59.8,27
USG04475,CUST0189,2024-12,11050.0,242.7,38
USG04476,CUST0219,2024-03,13778.9,95.9,29
USG04477,CUST0109,2024-03,5401.1,91.9,30
USG04478,CUST0202,2024-11,11134.8,52.6,30
USG04479,CUST0370,2024-03,5272.5,146.2,30
USG04480,CUST0478,2024-11,5104.7,95.9,31
USG04481,CUST0033,2024-05,8108.8,51.8,16
USG04482,CUST0162,2024-04,2272.4,36.3,27
USG04483,CUST0266,2024-04,7880.9,225.4,21
USG04484,CUST0157,2024-06,3150.5,208.5,25
USG04485,CUST0157,2024-02,20768.1,75.5,31
USG04486,CUST0143,2024-06,4858.6,197.5,36
USG04487,CUST0054,2024-03,14152.6,34.1,23
USG04488,CUST0465,2024-08,11448.7,34.9,28
USG04489,CUST0175,2024-07,8028.1,20.4,36
USG04490,CUST0053,2024-07,5362.5,190.2,21
USG04491,CUST0072,2024-07,3554.9,192.4,31
USG04492,CUST0309,2024-06,9790.4,145.9,18
USG04493,CUST0307,2024-12,13593.7,172.9,21
USG04494,CUST0490,2024-03,4989.3,79.8,22
USG04495,CUST0261,2024-09,12257.1,76.2,23
USG04496,CUST0341,2024-04,9737.9,104.7,24
USG04497,CUST0171,2024-09,2890.8,230.1,17
USG04498,CUST0278,2024-04,2452.4,319.5,25
USG04499,CUST0494,2024-12,8744.2,228.0,22
USG04500,CUST0018,2024-07,9555.8,124.5,20
USG04501,CUST0056,2024-11,17701.5,86.3,27
USG04502,CUST0437,2024-05,1220.2,65.5,28
USG04503,CUST0109,2024-06,2466.0,61.8,32
USG04504,CUST0462,2024-02,10909.5,150.0,21
USG04505,CUST0444,2024-12,6288.8,226.5,20
USG04506,CUST0363,2024-03,4037.5,211.5,31
USG04507,CUST0029,2024-05,14441.9,89.7,25
USG04508,CUST0195,2024-03,6232.7,13.8,19
USG04509,CUST0025,2024-05,14197.1,31.9,18
USG04510,CUST0207,2024-06,24523.7,421.1,26
USG04511,CUST0485,2024-10,10120.0,7.2,27
USG04512,CUST0276,2024-06,9391.6,286.8,33
USG04513,CUST0089,2024-04,5124.6,197.8,20
USG04514,CUST0384,2024-12,23626.9,97.1,19
USG04515,CUST0043,2024-06,20536.7,55.4,24
USG04516,CUST0195,2024-07,8608.7,273.9,29
USG04517,CUST0357,2024-02,6693.6,110.7,26
USG04518,CUST0060,2024-04,5019.7,101.6,23
USG04519,CUST0212,2024-12,14049.8,93.6,30
USG04520,CUST0423,2024-07,11292.1,114.5,25
USG04521,CUST0175,2024-05,9377.0,121.1,27
USG04522,CUST0402,2024-02,5288.6,59.3,21
USG04523,CUST0349,2024-09,5853.7,41.4,21
USG04524,CUST0053,2024-10,5987.9,88.7,23
USG04525,CUST0357,2024-06,6414.9,95.0,39
USG04526,CUST0011,2024-03,7308.6,173.6,23
USG04527,CUST0466,2024-08,4555.1,118.0,25
USG04528,CUST0273,2024-06,12112.9,37.9,25
USG04529,CUST0160,2024-02,7178.0,110.9,27
USG04530,CUST0113,2024-03,14705.1,73.6,25
USG04531,CUST0417,2024-12,11820.8,136.4,22
USG04532,CUST0428,2024-03,7283.8,117.6,20
USG04533,CUST0022,2024-10,4261.8,168.7,22
USG04534,CUST0128,2024-07,11162.9,68.2,22
USG04535,CUST0244,2024-01,15027.9,36.2,21
USG04536,CUST0154,2024-04,10982.2,53.2,34
USG04537,CUST0315,2024-07,6183.3,333.6,18
USG04538,CUST0143,2024-12,10762.9,125.7,12
USG04539,CUST0195,2024-01,3182.6,109.0,17
USG04540,CUST0192,2024-10,7156.2,163.0,22
USG04541,CUST0450,2024-02,14752.9,95.4,27
USG04542,CUST0473,2024-12,11766.9,47.2,30
USG04543,CUST0320,2024-07,23001.8,99.3,26
USG04544,CUST0164,2024-11,8705.2,149.4,18
USG04545,CUST0495,2024-06,12227.5,186.9,24
USG04546,CUST0462,2024-04,3321.3,127.3,25
USG04547,CUST0420,2024-03,7158.5,334.5,32
USG04548,CUST0048,2024-08,7803.4,27.0,15
USG04549,CUST0290,2024-04,8179.9,105.9,22
USG04550,CUST0325,2024-01,5641.9,56.0,29
USG04551,CUST0191,2024-01,16403.9,87.0,30
USG04552,CUST0358,2024-11,7748.8,47.2,23
USG04553,CUST0252,2024-05,13640.7,80.1,29
USG04554,CUST0130,2024-06,16668.2,184.3,25
USG04555,CUST0212,2024-01,18180.6,40.6,16
USG04556,CUST0234,2024-07,4749.7,99.8,31
USG04557,CUST0261,2024-01,10564.7,100.4,25
USG04558,CUST0122,2024-11,15647.1,129.8,30
USG04559,CUST0336,2024-09,10416.9,82.0,25
USG04560,CUST0089,2024-08,9854.2,214.2,25
USG04561,CUST0473,2024-09,12658.7,143.9,26
USG04562,CUST0466,2024-08,6319.5,83.5,21
USG04563,CUST0486,2024-01,18191.7,153.1,26
USG04564,CUST0473,2024-10,14492.3,200.6,27
USG04565,CUST0140,2024-02,10802.3,52.1,21
USG04566,CUST0219,2024-03,30061.0,57.5,15
USG04567,CUST0144,2024-01,6464.6,20.0,17
USG04568,CUST0325,2024-09,8211.0,136.7,24
USG04569,CUST0448,2024-06,10122.4,73.7,32
USG04570,CUST0212,2024-04,9155.1,83.8,14
USG04571,CUST0219,2024-08,7102.1,23.6,19
USG04572,CUST0221,2024-02,12469.7,109.8,28
USG04573,CUST0162,2024-09,7745.1,57.2,23
USG04574,CUST0266,2024-09,12752.5,25.2,41
USG04575,CUST0479,2024-07,11454.0,74.1,25
USG04576,CUST0341,2024-03,2624.5,33.6,33
USG04577,CUST0344,2024-09,10237.3,48.4,22
USG04578,CUST0252,2024-01,9520.9,86.3,23
USG04579,CUST0009,2024-10,17582.0,96.2,24
USG04580,CUST0066,2024-02,10605.6,87.1,26
USG04581,CUST0263,2024-12,18308.5,0.8,28
USG04582,CUST0245,2024-03,5798.5,194.2,20
USG04583,CUST0498,2024-04,3651.4,343.7,24
USG04584,CUST0036,2024-03,4369.4,36.4,24
USG04585,CUST0360,2024-09,6607.8,259.8,23
USG04586,CUST0167,2024-05,10391.8,89.4,17
USG04587,CUST0101,2024-07,27037.3,267.0,20
USG04588,CUST0145,2024-06,9639.2,122.3,29
USG04589,CUST0495,2024-09,20956.6,77.2,12
USG04590,CUST0317,2024-08,6795.9,18.4,28
USG04591,CUST0406,2024-04,3246.9,194.6,26
USG04592,CUST0154,2024-10,10751.5,138.9,29
USG04593,CUST0442,2024-05,15991.2,35.4,28
USG04594,CUST0011,2024-07,7587.6,145.5,28
USG04595,CUST0053,2024-04,10754.9,137.5,28
USG04596,CUST0162,2024-03,6226.0,213.9,21
USG04597,CUST0274,2024-01,5466.0,86.9,20
USG04598,CUST0155,2024-01,6201.7,141.7,31
USG04599,CUST0191,2024-06,11318.6,107.2,20
USG04600,CUST0095,2024-03,15732.5,182.1,34
USG04601,CUST0325,2024-04,1314.2,141.4,29
USG04602,CUST0148,2024-03,2746.6,21.0,30
USG04603,CUST0177,2024-03,6172.5,78.2,30
USG04604,CUST0458,2024-07,14260.4,72.5,24
USG04605,CUST0270,2024-10,13977.5,89.6,29
USG04606,CUST0237,2024-01,18514.7,36.0,15
USG04607,CUST0130,2024-08,11261.3,136.5,30
USG04608,CUST0403,2024-11,10154.9,120.7,24
USG04609,CUST0024,2024-08,9026.9,150.6,23
USG04610,CUST0093,2024-08,9720.3,188.5,25
USG04611,CUST0029,2024-01,4837.5,41.2,21
USG04612,CUST0021,2024-04,3461.0,291.6,24
USG04613,CUST0077,2024-09,9417.7,223.1,17
USG04614,CUST0370,2024-09,5883.4,84.4,25
USG04615,CUST0492,2024-07,4266.9,112.9,31
USG04616,CUST0486,2024-09,29297.1,262.8,26
USG04617,CUST0055,2024-01,11742.0,71.0,26
USG04618,CUST0307,2024-06,15096.3,46.7,26
USG04619,CUST0117,2024-02,4672.6,68.6,25
USG04620,CUST0087,2024-03,5098.4,42.2,24
USG04621,CUST0495,2024-07,9544.8,63.7,28
USG04622,CUST0034,2024-12,1325.4,173.6,17
USG04623,CUST0211,2024-05,2515.6,128.7,27
USG04624,CUST0033,2024-04,4571.2,164.7,21
USG04625,CUST0267,2024-12,3737.9,112.7,34
USG04626,CUST0092,2024-07,11707.8,74.4,21
USG04627,CUST0332,2024-12,3115.7,272.9,20
USG04628,CUST0145,2024-01,1081.8,355.0,17
USG04629,CUST0442,2024-06,5096.1,73.6,26
USG04630,CUST0154,2024-12,18962.0,68.4,18
USG04631,CUST0198,2024-04,12368.4,96.0,20
USG04632,CUST0305,2024-01,7509.0,122.7,34
USG04633,CUST0448,2024-02,17597.4,105.2,27
USG04634,CUST0002,2024-11,2331.5,319.0,22
USG04635,CUST0274,2024-12,7658.6,113.2,23
USG04636,CUST0045,2024-11,14096.3,84.0,15
USG04637,CUST0235,2024-01,15705.0,144.0,27
USG04638,CUST0202,2024-05,14506.9,110.4,19
USG04639,CUST0406,2024-08,9022.2,97.6,37
USG04640,CUST0325,2024-02,14402.2,151.7,31
USG04641,CUST0177,2024-08,4414.3,48.5,27
USG04642,CUST0221,2024-10,14322.5,45.2,28
USG04643,CUST0315,2024-04,10872.3,103.7,24
USG04644,CUST0444,2024-10,8016.0,142.7,27
USG04645,CUST0229,2024-06,7193.8,23.6,24
USG04646,CUST0089,2024-07,9228.6,134.2,32
USG04647,CUST0083,2024-09,5689.6,199.3,18
USG04648,CUST0145,2024-04,6836.6,51.7,23
USG04649,CUST0415,2024-09,7920.8,45.2,26
USG04650,CUST0428,2024-03,17059.0,242.6,25
USG04651,CUST0030,2024-11,9791.1,65.9,22
USG04652,CUST0019,2024-05,5114.4,129.3,25
USG04653,CUST0444,2024-05,11319.3,97.5,24
USG04654,CUST0232,2024-05,11697.5,39.0,23
USG04655,CUST0107,2024-03,4301.0,238.9,25
USG04656,CUST0059,2024-01,4192.7,52.0,34
USG04657,CUST0383,2024-11,9794.0,119.7,21
USG04658,CUST0033,2024-03,11538.4,23.8,24
USG04659,CUST0460,2024-08,10217.2,200.8,23
USG04660,CUST0221,2024-08,11131.7,59.8,19
USG04661,CUST0106,2024-07,2954.0,22.1,33
USG04662,CUST0433,2024-01,17653.0,61.2,29
USG04663,CUST0487,2024-02,10429.4,66.5,17
USG04664,CUST0419,2024-01,4507.3,165.6,26
USG04665,CUST0018,2024-10,15057.8,76.9,24
USG04666,CUST0255,2024-03,12817.9,32.2,34
USG04667,CUST0107,2024-01,9416.2,185.2,26
USG04668,CUST0256,2024-03,7383.3,20.4,25
USG04669,CUST0222,2024-11,8801.6,240.4,20
USG04670,CUST0329,2024-11,11991.5,198.1,31
USG04671,CUST0230,2024-01,13770.5,89.8,25
USG04672,CUST0061,2024-06,5886.9,126.0,27
USG04673,CUST0233,2024-02,15377.9,165.4,32
USG04674,CUST0397,2024-07,4157.1,217.3,28
USG04675,CUST0048,2024-10,5073.2,12.2,24
USG04676,CUST0495,2024-03,6261.7,42.3,18
USG04677,CUST0070,2024-01,9513.7,91.6,32
USG04678,CUST0316,2024-02,5126.9,169.7,27
USG04679,CUST0145,2024-02,12356.6,83.5,33
USG04680,CUST0145,2024-08,13435.7,174.6,24
USG04681,CUST0477,2024-10,10948.5,138.7,31
USG04682,CUST0301,2024-10,4875.4,131.3,19
USG04683,CUST0164,2024-05,8560.8,63.1,20
USG04684,CUST0400,2024-02,22941.3,138.6,21
USG04685,CUST0048,2024-11,5028.5,58.3,23
USG04686,CUST0109,2024-09,5972.6,31.8,23
USG04687,CUST0192,2024-09,20916.7,114.5,25
USG04688,CUST0365,2024-04,8245.9,36.3,32
USG04689,CUST0193,2024-10,4407.8,63.5,23
USG04690,CUST0120,2024-08,9152.9,47.9,16
USG04691,CUST0325,2024-10,8335.8,99.0,15
USG04692,CUST0223,2024-09,10055.4,310.0,29
USG04693,CUST0126,2024-11,4339.4,48.3,23
USG04694,CUST0027,2024-05,28733.0,46.4,21
USG04695,CUST0325,2024-01,12001.5,56.2,27
USG04696,CUST0157,2024-07,28942.5,28.6,21
USG04697,CUST0054,2024-08,2362.7,72.6,26
USG04698,CUST0094,2024-11,12664.2,202.0,32
USG04699,CUST0081,2024-02,3066.6,14.8,38
USG04700,CUST0130,2024-09,18885.3,114.8,25
USG04701,CUST0452,2024-04,4501.1,73.9,21
USG04702,CUST0252,2024-07,6515.9,222.9,24
USG04703,CUST0140,2024-11,4068.4,347.7,30
USG04704,CUST0132,2024-11,9227.5,157.5,24
USG04705,CUST0252,2024-06,10120.2,109.1,21
USG04706,CUST0160,2024-07,22302.2,97.0,25
USG04707,CUST0272,2024-10,388.9,89.7,19
USG04708,CUST0424,2024-03,1548.4,178.2,22
USG04709,CUST0185,2024-11,3343.3,29.1,32
USG04710,CUST0107,2024-06,4162.1,29.2,32
USG04711,CUST0384,2024-09,14880.3,39.8,24
USG04712,CUST0065,2024-05,2191.2,125.9,24
USG04713,CUST0265,2024-03,6730.2,50.5,26
USG04714,CUST0083,2024-01,18999.8,101.7,25
USG04715,CUST0390,2024-02,2744.6,160.4,21
USG04716,CUST0383,2024-12,4480.7,220.1,24
USG04717,CUST0387,2024-03,6786.0,139.5,30
USG04718,CUST0273,2024-09,6854.3,48.5,23
USG04719,CUST0031,2024-08,12274.3,72.3,28
USG04720,CUST0127,2024-02,6377.3,93.7,26
USG04721,CUST0282,2024-08,14768.7,145.4,25
USG04722,CUST0221,2024-11,13598.5,95.0,23
USG04723,CUST0241,2024-06,9956.6,85.1,21
USG04724,CUST0007,2024-09,10479.4,123.6,22
USG04725,CUST0489,2024-09,7987.4,23.3,30
USG04726,CUST0269,2024-04,15552.5,173.2,19
USG04727,CUST0441,2024-11,9794.2,79.2,22
USG04728,CUST0111,2024-04,11885.3,353.7,29
USG04729,CUST0120,2024-11,10688.3,60.7,20
USG04730,CUST0097,2024-09,3582.7,7.5,24
USG04731,CUST0202,2024-10,7449.7,89.0,23
USG04732,CUST0460,2024-04,10024.1,117.3,21
USG04733,CUST0166,2024-01,5812.9,147.4,16
USG04734,CUST0120,2024-07,4763.1,177.6,20
USG04735,CUST0274,2024-12,5757.8,127.0,18
USG04736,CUST0053,2024-11,5309.5,74.0,19
USG04737,CUST0207,2024-09,4689.7,188.4,22
USG04738,CUST0055,2024-06,19246.4,182.8,26
USG04739,CUST0370,2024-05,20990.9,149.6,24
USG04740,CUST0254,2024-02,1362.9,171.6,24
USG04741,CUST0468,2024-12,5302.3,57.3,29
USG04742,CUST0081,2024-11,5160.7,65.3,30
USG04743,CUST0252,2024-08,4408.4,35.2,31
USG04744,CUST0261,2024-11,9486.5,224.7,32
USG04745,CUST0301,2024-12,15331.9,25.3,38
USG04746,CUST0462,2024-09,10335.3,202.7,22
USG04747,CUST0336,2024-02,15357.6,182.7,34
USG04748,CUST0066,2024-04,15955.6,50.5,32
USG04749,CUST0331,2024-03,2254.0,150.6,35
USG04750,CUST0261,2024-01,10890.4,206.4,30
USG04751,CUST0415,2024-05,7555.4,119.8,26
USG04752,CUST0429,2024-04,7232.9,5.1,24
USG04753,CUST0475,2024-09,5123.7,95.0,17
USG04754,CUST0390,2024-05,10259.6,56.3,22
USG04755,CUST0424,2024-11,5468.9,126.8,21
USG04756,CUST0185,2024-10,8391.6,160.4,19
USG04757,CUST0290,2024-10,14915.1,60.7,26
USG04758,CUST0372,2024-02,21832.6,196.9,30
USG04759,CUST0448,2024-01,7859.8,178.3,31
USG04760,CUST0147,2024-01,4151.1,107.5,25
USG04761,CUST0008,2024-03,12111.5,126.0,22
USG04762,CUST0437,2024-11,7378.0,65.6,20
USG04763,CUST0144,2024-10,10431.4,43.6,26
USG04764,CUST0356,2024-04,7276.7,67.0,23
USG04765,CUST0254,2024-11,4111.3,83.3,34
USG04766,CUST0029,2024-01,3824.0,93.2,30
USG04767,CUST0465,2024-01,4590.9,73.6,24
USG04768,CUST0196,2024-04,7873.2,264.1,29
USG04769,CUST0240,2024-08,1090.6,108.1,27
USG04770,CUST0385,2024-10,8558.4,114.8,23
USG04771,CUST0282,2024-09,12962.1,86.3,35
USG04772,CUST0466,2024-12,5872.1,203.1,21
USG04773,CUST0332,2024-04,7265.7,194.9,18
USG04774,CUST0486,2024-12,3916.6,48.9,34
USG04775,CUST0175,2024-01,10053.6,71.7,27
USG04776,CUST0191,2024-09,10995.1,171.3,27
USG04777,CUST0192,2024-12,7195.4,27.2,21
USG04778,CUST0081,2024-02,13712.1,87.8,30
USG04779,CUST0397,2024-12,1366.9,221.4,30
USG04780,CUST0121,2024-04,5796.8,46.1,27
USG04781,CUST0359,2024-07,11188.0,41.0,29
USG04782,CUST0332,2024-11,11910.3,154.5,27
USG04783,CUST0207,2024-01,7733.0,47.8,27
USG04784,CUST0185,2024-03,3240.5,94.6,24
USG04785,CUST0498,2024-12,9245.8,105.7,21
USG04786,CUST0113,2024-12,812.3,17.3,29
USG04787,CUST0345,2024-03,13063.1,251.9,25
USG04788,CUST0001,2024-06,12905.9,283.0,21
USG04789,CUST0467,2024-10,13141.2,128.7,27
USG04790,CUST0202,2024-03,3899.5,34.3,18
USG04791,CUST0248,2024-12,12557.8,24.4,17
USG04792,CUST0083,2024-06,7902.7,9.3,22
USG04793,CUST0207,2024-02,9489.4,280.4,20
USG04794,CUST0103,2024-06,11790.0,23.1,38
USG04795,CUST0212,2024-07,20911.5,91.9,32
USG04796,CUST0078,2024-12,6075.5,8.9,28
USG04797,CUST0406,2024-01,10997.1,101.5,25
USG04798,CUST0200,2024-03,3028.0,154.5,22
USG04799,CUST0497,2024-07,17466.2,277.6,27
USG04800,CUST0254,2024-02,7673.5,24.9,24
USG04801,CUST0442,2024-03,16879.4,81.3,26
USG04802,CUST0389,2024-12,3837.7,108.8,23
USG04803,CUST0429,2024-06,10206.5,86.9,18
USG04804,CUST0175,2024-08,7397.2,204.1,16
USG04805,CUST0344,2024-04,7882.5,50.4,14
USG04806,CUST0486,2024-07,8136.1,35.7,33
USG04807,CUST0420,2024-08,5634.8,212.1,29
USG04808,CUST0325,2024-06,4426.2,72.2,15
USG04809,CUST0487,2024-10,5189.9,71.8,25
USG04810,CUST0363,2024-09,1624.9,107.5,23
USG04811,CUST0272,2024-02,10027.4,60.1,28
USG04812,CUST0177,2024-08,2821.3,159.4,26
USG04813,CUST0254,2024-07,19384.8,124.7,28
USG04814,CUST0064,2024-10,8125.2,427.3,23
USG04815,CUST0491,2024-03,9210.4,27.1,20
USG04816,CUST0463,2024-07,12615.4,18.9,33
USG04817,CUST0390,2024-06,3921.8,131.4,21
USG04818,CUST0083,2024-10,9532.8,13.7,37
USG04819,CUST0178,2024-09,4382.1,123.8,31
USG04820,CUST0071,2024-06,11683.3,20.2,23
USG04821,CUST0426,2024-08,9653.2,39.5,28
USG04822,CUST0471,2024-03,7059.4,120.6,20
USG04823,CUST0058,2024-05,17838.3,107.2,24
USG04824,CUST0221,2024-04,5343.6,129.1,29
USG04825,CUST0475,2024-07,1538.3,90.5,16
USG04826,CUST0469,2024-01,3004.8,61.9,30
USG04827,CUST0139,2024-10,3313.4,297.3,24
USG04828,CUST0164,2024-07,8470.5,111.7,24
USG04829,CUST0400,2024-06,20889.9,150.9,15
USG04830,CUST0207,2024-05,4437.4,95.4,28
USG04831,CUST0305,2024-03,3218.5,81.7,24
USG04832,CUST0387,2024-10,8221.3,96.9,21
USG04833,CUST0280,2024-09,3528.7,120.5,22
USG04834,CUST0410,2024-07,18281.2,15.1,20
USG04835,CUST0491,2024-12,2644.7,129.9,23
USG04836,CUST0418,2024-04,8101.0,35.2,22
USG04837,CUST0126,2024-01,5486.6,20.5,30
USG04838,CUST0034,2024-02,15602.0,73.8,19
USG04839,CUST0369,2024-03,2482.6,323.0,29
USG04840,CUST0402,2024-01,1913.4,289.8,27
USG04841,CUST0220,2024-02,15741.4,292.9,23
USG04842,CUST0114,2024-02,4035.0,68.8,23
USG04843,CUST0140,2024-05,7276.1,85.3,28
USG04844,CUST0008,2024-06,14519.0,17.1,28
USG04845,CUST0307,2024-07,7951.6,115.8,37
USG04846,CUST0479,2024-08,8049.4,73.5,18
USG04847,CUST0325,2024-01,3941.7,39.9,34
USG04848,CUST0349,2024-08,13060.6,24.8,30
USG04849,CUST0103,2024-05,30438.4,122.0,24
USG04850,CUST0290,2024-08,34078.2,52.6,20
USG04851,CUST0421,2024-12,3252.6,20.5,26
USG04852,CUST0292,2024-02,9424.3,85.9,23
USG04853,CUST0370,2024-03,1997.2,99.6,19
USG04854,CUST0097,2024-10,17129.1,43.8,21
USG04855,CUST0233,2024-10,1199.1,209.3,30
USG04856,CUST0085,2024-03,6820.9,74.5,34
USG04857,CUST0189,2024-01,3484.6,116.2,31
USG04858,CUST0143,2024-04,7009.4,271.7,30
USG04859,CUST0430,2024-10,16366.5,41.8,28
USG04860,CUST0027,2024-05,2286.8,239.5,33
USG04861,CUST0066,2024-05,3711.7,91.3,25
USG04862,CUST0290,2024-05,10691.6,153.0,14
USG04863,CUST0406,2024-10,8200.6,87.2,25
USG04864,CUST0402,2024-06,13024.2,109.3,23
USG04865,CUST0486,2024-06,4749.7,78.3,21
USG04866,CUST0140,2024-10,3117.3,115.9,24
USG04867,CUST0484,2024-11,10621.5,145.2,36
USG04868,CUST0162,2024-06,4921.1,46.6,17
USG04869,CUST0085,2024-01,1080.4,136.6,18
USG04870,CUST0160,2024-02,12153.3,215.6,19
USG04871,CUST0127,2024-01,6999.7,152.0,24
USG04872,CUST0311,2024-10,3244.3,119.7,26
USG04873,CUST0192,2024-05,10259.2,134.3,22
USG04874,CUST0001,2024-10,4363.7,81.9,26
USG04875,CUST0344,2024-09,14984.0,28.7,25
USG04876,CUST0176,2024-05,8310.6,6.1,28
USG04877,CUST0293,2024-05,15274.4,51.3,19
USG04878,CUST0307,2024-10,10846.9,334.5,23
USG04879,CUST0325,2024-01,21074.6,96.5,24
USG04880,CUST0029,2024-04,4323.5,125.2,25
USG04881,CUST0289,2024-08,7445.3,11.0,25
USG04882,CUST0219,2024-03,2676.9,202.1,30
USG04883,CUST0111,2024-10,3467.2,113.9,22
USG04884,CUST0281,2024-12,5126.9,47.6,28
USG04885,CUST0017,2024-07,7438.8,139.9,23
USG04886,CUST0219,2024-11,10998.7,216.9,21
USG04887,CUST0420,2024-02,5359.1,176.9,22
USG04888,CUST0182,2024-09,12248.2,24.5,27
USG04889,CUST0384,2024-08,3018.5,352.6,27
USG04890,CUST0232,2024-07,16091.6,137.2,34
USG04891,CUST0121,2024-01,8383.0,161.3,28
USG04892,CUST0081,2024-11,10067.5,120.1,29
USG04893,CUST0169,2024-07,1830.9,52.2,19
USG04894,CUST0366,2024-05,5371.9,186.5,22
USG04895,CUST0283,2024-08,10012.5,199.2,27
USG04896,CUST0418,2024-01,6735.2,78.5,36
USG04897,CUST0011,2024-07,4297.5,77.2,22
USG04898,CUST0219,2024-07,22603.0,184.0,29
USG04899,CUST0390,2024-06,10547.8,149.1,23
USG04900,CUST0105,2024-10,23550.1,143.3,26
USG04901,CUST0283,2024-03,5365.6,31.4,26
USG04902,CUST0088,2024-03,12212.6,301.1,29
USG04903,CUST0127,2024-12,9942.4,68.6,24
USG04904,CUST0162,2024-08,7175.5,165.9,22
USG04905,CUST0229,2024-07,2841.3,24.5,37
USG04906,CUST0159,2024-10,4765.1,176.9,22
USG04907,CUST0398,2024-03,2531.6,85.5,28
USG04908,CUST0122,2024-07,9858.6,192.3,27
USG04909,CUST0223,2024-04,3995.9,225.8,21
USG04910,CUST0203,2024-03,3239.3,85.9,19
USG04911,CUST0092,2024-10,10078.2,132.3,24
USG04912,CUST0245,2024-01,4340.5,144.1,26
USG04913,CUST0331,2024-12,7226.6,16.7,29
USG04914,CUST0231,2024-11,13786.9,113.9,29
USG04915,CUST0390,2024-01,4988.9,262.3,35
USG04916,CUST0434,2024-06,9101.6,17.5,24
USG04917,CUST0097,2024-03,6215.3,53.5,21
USG04918,CUST0199,2024-04,10326.4,8.6,21
USG04919,CUST0319,2024-04,13132.0,24.2,23
USG04920,CUST0175,2024-07,6780.1,87.7,29
USG04921,CUST0121,2024-08,4094.1,61.1,17
USG04922,CUST0180,2024-01,3622.7,99.4,24
USG04923,CUST0078,2024-09,7226.4,4.8,28
USG04924,CUST0335,2024-05,14969.1,180.4,34
USG04925,CUST0495,2024-11,18665.7,145.5,22
USG04926,CUST0009,2024-12,1554.1,83.2,24
USG04927,CUST0206,2024-10,1446.6,97.4,33
USG04928,CUST0107,2024-04,2330.7,98.4,22
USG04929,CUST0363,2024-12,6646.5,253.1,24
USG04930,CUST0313,2024-05,3532.5,252.3,20
USG04931,CUST0489,2024-05,1773.5,160.2,28
USG04932,CUST0491,2024-04,9383.0,331.3,21
USG04933,CUST0192,2024-06,14601.0,141.9,33
USG04934,CUST0219,2024-04,13811.6,132.2,19
USG04935,CUST0485,2024-09,7246.5,91.8,22
USG04936,CUST0467,2024-07,2499.6,36.3,23
USG04937,CUST0390,2024-03,8399.1,111.9,23
USG04938,CUST0265,2024-04,16728.5,214.5,25
USG04939,CUST0175,2024-07,13670.9,40.8,31
USG04940,CUST0281,2024-02,19378.9,67.0,17
USG04941,CUST0219,2024-12,12676.0,121.5,27
USG04942,CUST0134,2024-10,8105.4,55.7,12
USG04943,CUST0147,2024-06,8480.3,111.8,21
USG04944,CUST0001,2024-12,11236.4,4.4,24
USG04945,CUST0470,2024-08,25512.2,267.7,30
USG04946,CUST0111,2024-03,5010.0,62.4,27
USG04947,CUST0324,2024-12,13635.2,176.6,34
USG04948,CUST0342,2024-05,7147.3,314.2,27
USG04949,CUST0127,2024-04,12034.7,31.5,24
USG04950,CUST0422,2024-09,22162.5,167.0,25
USG04951,CUST0341,2024-05,7759.5,219.9,30
USG04952,CUST0197,2024-01,11090.0,89.7,13
USG04953,CUST0097,2024-04,8774.4,332.6,17
USG04954,CUST0473,2024-08,10955.6,134.0,31
USG04955,CUST0305,2024-11,23447.0,82.8,25
USG04956,CUST0143,2024-04,5019.4,115.1,26
USG04957,CUST0305,2024-06,9185.8,144.2,30
USG04958,CUST0361,2024-11,3713.5,69.6,26
USG04959,CUST0242,2024-08,12888.4,277.2,29
USG04960,CUST0379,2024-09,5572.7,66.3,29
USG04961,CUST0491,2024-08,7177.9,111.0,19
USG04962,CUST0464,2024-07,3677.2,22.8,21
USG04963,CUST0227,2024-04,4466.3,131.3,31
USG04964,CUST0164,2024-05,3734.8,248.7,23
USG04965,CUST0184,2024-10,3377.1,94.5,31
USG04966,CUST0157,2024-11,4039.9,58.4,23
USG04967,CUST0307,2024-09,8025.0,191.7,31
USG04968,CUST0319,2024-09,6781.0,135.1,14
USG04969,CUST0381,2024-05,9442.2,137.6,29
USG04970,CUST0434,2024-01,3194.6,19.6,32
USG04971,CUST0038,2024-10,6225.3,113.4,31
USG04972,CUST0039,2024-06,8325.9,52.3,26
USG04973,CUST0413,2024-07,8296.1,32.3,28
USG04974,CUST0318,2024-03,20832.6,162.8,18
USG04975,CUST0483,2024-10,4274.9,16.5,22
USG04976,CUST0045,2024-08,12530.1,126.4,34
USG04977,CUST0066,2024-07,3625.4,197.2,19
USG04978,CUST0144,2024-08,18262.2,35.1,18
USG04979,CUST0342,2024-01,11972.2,29.6,28
USG04980,CUST0211,2024-07,7409.5,166.3,27
USG04981,CUST0059,2024-06,18902.3,68.3,19
USG04982,CUST0444,2024-09,5054.9,61.8,23
USG04983,CUST0316,2024-01,6755.1,159.9,23
USG04984,CUST0159,2024-03,11961.7,66.5,19
USG04985,CUST0026,2024-07,2539.8,90.8,26
USG04986,CUST0442,2024-04,6008.9,90.8,21
USG04987,CUST0497,2024-11,13341.3,94.3,26
USG04988,CUST0411,2024-08,1839.0,99.0,33
USG04989,CUST0342,2024-08,2145.1,92.6,27
USG04990,CUST0056,2024-06,2815.7,215.0,28
USG04991,CUST0086,2024-11,6097.1,92.8,32
USG04992,CUST0113,2024-06,3679.0,141.6,27
USG04993,CUST0344,2024-08,15897.4,88.2,32
USG04994,CUST0262,2024-10,4563.8,63.8,22
USG04995,CUST0361,2024-07,31581.5,79.0,21
USG04996,CUST0071,2024-01,9413.0,27.1,22
USG04997,CUST0126,2024-04,10259.8,82.5,28
USG04998,CUST0187,2024-06,6015.4,9.1,21
USG04999,CUST0454,2024-01,8052.1,145.0,26
USG05000,CUST0039,2024-11,975.1,278.5,27
USG05001,CUST0040,2024-02,5157.5,21.3,27
USG05002,CUST0182,2024-01,5419.7,323.4,27
USG05003,CUST0033,2024-06,5072.7,44.3,24
USG05004,CUST0072,2024-05,11611.7,183.5,29
USG05005,CUST0218,2024-02,7347.4,10.0,34
USG05006,CUST0202,2024-02,7233.9,56.3,29
USG05007,CUST0408,2024-02,22924.4,187.0,22
USG05008,CUST0165,2024-09,1594.6,72.2,26
USG05009,CUST0026,2024-05,7479.6,222.3,28
USG05010,CUST0498,2024-08,13557.4,166.2,25
USG05011,CUST0465,2024-07,2091.4,42.8,17
USG05012,CUST0498,2024-04,6468.6,328.8,24
USG05013,CUST0341,2024-03,5776.3,269.4,17
USG05014,CUST0173,2024-10,17265.5,233.2,29
USG05015,CUST0127,2024-07,9076.8,70.6,22
USG05016,CUST0274,2024-10,8783.8,58.5,20
USG05017,CUST0325,2024-07,7097.2,136.6,27
USG05018,CUST0291,2024-06,14242.9,129.9,28
USG05019,CUST0300,2024-07,8522.4,26.4,26
USG05020,CUST0102,2024-08,4410.6,90.7,18
USG05021,CUST0144,2024-04,13039.1,462.7,28
USG05022,CUST0149,2024-12,3310.0,177.6,22
USG05023,CUST0210,2024-12,6601.8,100.6,32
USG05024,CUST0139,2024-04,8239.4,172.3,23
USG05025,CUST0145,2024-05,6422.9,413.7,28
USG05026,CUST0199,2024-05,8760.4,63.0,27
USG05027,CUST0205,2024-09,10036.5,38.5,28
USG05028,CUST0462,2024-10,7346.2,37.9,24
USG05029,CUST0007,2024-08,10917.0,321.7,27
USG05030,CUST0271,2024-09,792.8,37.0,22
USG05031,CUST0420,2024-08,1946.2,214.9,20
USG05032,CUST0212,2024-01,7358.9,33.4,31
USG05033,CUST0222,2024-08,7508.1,113.0,30
USG05034,CUST0050,2024-05,6923.6,94.0,26
USG05035,CUST0489,2024-06,5789.1,30.1,21
USG05036,CUST0448,2024-05,13105.9,135.5,26
USG05037,CUST0257,2024-08,4254.4,136.6,20
USG05038,CUST0230,2024-08,9657.8,24.0,31
USG05039,CUST0422,2024-11,4210.4,18.6,26
USG05040,CUST0236,2024-02,7853.4,141.7,14
USG05041,CUST0150,2024-03,3183.4,243.8,24
USG05042,CUST0305,2024-09,9483.6,31.4,33
USG05043,CUST0091,2024-06,5519.0,83.5,32
USG05044,CUST0498,2024-07,13966.9,101.6,15
USG05045,CUST0381,2024-11,5206.5,55.6,24
USG05046,CUST0201,2024-09,12553.0,111.4,23
USG05047,CUST0473,2024-03,4232.4,305.2,17
USG05048,CUST0180,2024-12,2092.0,172.6,22
USG05049,CUST0424,2024-09,7674.3,93.5,28
USG05050,CUST0076,2024-01,10130.1,70.5,23
USG05051,CUST0341,2024-09,3299.2,204.0,25
USG05052,CUST0206,2024-03,5686.4,126.9,26
USG05053,CUST0465,2024-02,10317.4,72.0,26
USG05054,CUST0408,2024-08,3273.4,34.7,27
USG05055,CUST0225,2024-08,8918.5,29.1,19
USG05056,CUST0202,2024-10,7058.6,61.8,21
USG05057,CUST0366,2024-08,16717.6,120.4,22
USG05058,CUST0126,2024-10,12131.5,220.7,38
USG05059,CUST0301,2024-12,15094.2,19.8,23
USG05060,CUST0405,2024-12,17687.8,110.6,34
USG05061,CUST0114,2024-03,4373.9,47.4,31
USG05062,CUST0398,2024-11,6558.2,162.2,27
USG05063,CUST0281,2024-05,5418.9,160.1,20
USG05064,CUST0485,2024-05,7241.9,274.3,24
USG05065,CUST0019,2024-05,3567.6,65.4,21
USG05066,CUST0061,2024-05,9207.1,71.6,28
USG05067,CUST0370,2024-01,11199.2,131.5,27
USG05068,CUST0344,2024-04,16028.1,26.0,19
USG05069,CUST0309,2024-05,8147.1,89.2,32
USG05070,CUST0315,2024-11,5540.9,102.6,28
USG05071,CUST0473,2024-06,11485.2,76.0,23
USG05072,CUST0369,2024-03,11393.2,14.4,12
USG05073,CUST0416,2024-11,6033.6,259.7,23
USG05074,CUST0383,2024-10,5623.2,23.6,23
USG05075,CUST0202,2024-02,9678.7,239.3,22
USG05076,CUST0332,2024-04,12168.2,32.9,17
USG05077,CUST0154,2024-04,9052.9,115.6,31
USG05078,CUST0050,2024-08,14783.3,178.2,37
USG05079,CUST0178,2024-08,2523.9,48.2,20
USG05080,CUST0011,2024-06,9733.8,55.9,35
USG05081,CUST0048,2024-09,4625.9,45.4,29
USG05082,CUST0444,2024-07,11628.6,89.3,24
USG05083,CUST0264,2024-06,7815.9,169.6,30
USG05084,CUST0061,2024-10,4502.3,48.2,22
USG05085,CUST0201,2024-10,8239.1,217.6,22
USG05086,CUST0498,2024-09,6677.2,189.4,17
USG05087,CUST0117,2024-12,4739.0,176.9,28
USG05088,CUST0336,2024-08,6901.4,57.5,27
USG05089,CUST0127,2024-11,11188.2,222.8,17
USG05090,CUST0332,2024-07,8645.5,42.7,25
USG05091,CUST0444,2024-12,11548.9,147.7,20
USG05092,CUST0484,2024-07,11385.5,154.7,22
USG05093,CUST0284,2024-11,12187.4,116.2,21
USG05094,CUST0286,2024-08,22870.6,249.0,31
USG05095,CUST0236,2024-09,16928.9,44.5,24
USG05096,CUST0349,2024-05,3719.6,66.8,19
USG05097,CUST0140,2024-06,9336.3,116.4,16
USG05098,CUST0349,2024-02,3882.8,212.0,16
USG05099,CUST0192,2024-07,6743.8,98.8,27
USG05100,CUST0048,2024-10,6534.6,148.7,22
USG05101,CUST0319,2024-02,11426.8,108.4,29
USG05102,CUST0232,2024-08,14396.0,70.4,30
USG05103,CUST0157,2024-08,6643.3,40.9,17
USG05104,CUST0071,2024-01,6703.1,127.1,22
USG05105,CUST0008,2024-04,10662.7,63.1,30
USG05106,CUST0175,2024-04,4502.7,164.2,25
USG05107,CUST0181,2024-03,2641.2,8.8,25
USG05108,CUST0405,2024-01,14526.5,48.8,20
USG05109,CUST0442,2024-12,7672.9,71.5,28
USG05110,CUST0331,2024-05,1555.8,84.2,27
USG05111,CUST0166,2024-10,3801.9,26.0,29
USG05112,CUST0189,2024-04,14454.3,76.5,20
USG05113,CUST0494,2024-05,11796.2,40.6,14
USG05114,CUST0393,2024-07,30186.2,177.9,23
USG05115,CUST0233,2024-02,4205.9,98.9,20
USG05116,CUST0335,2024-11,11470.3,149.3,31
USG05117,CUST0398,2024-01,6421.6,177.8,23
USG05118,CUST0085,2024-06,11062.4,140.3,22
USG05119,CUST0238,2024-12,19092.2,55.0,23
USG05120,CUST0420,2024-09,7813.2,112.3,26
USG05121,CUST0298,2024-06,17320.2,436.8,25
USG05122,CUST0050,2024-07,8767.9,261.5,23
USG05123,CUST0240,2024-03,9780.4,95.7,24
USG05124,CUST0281,2024-04,4843.4,113.4,25
USG05125,CUST0396,2024-06,2739.8,157.2,18
USG05126,CUST0079,2024-05,1289.3,176.0,28
USG05127,CUST0027,2024-03,10079.7,116.3,26
USG05128,CUST0396,2024-10,2729.4,208.8,26
USG05129,CUST0423,2024-05,10459.9,156.9,23
USG05130,CUST0292,2024-07,6014.3,121.5,18
USG05131,CUST0015,2024-02,10954.3,64.3,29
USG05132,CUST0216,2024-01,10836.8,70.3,32
USG05133,CUST0290,2024-02,10337.0,43.6,24
USG05134,CUST0063,2024-12,4974.4,379.6,27
USG05135,CUST0211,2024-02,9740.9,257.5,20
USG05136,CUST0206,2024-09,12773.5,31.5,20
USG05137,CUST0093,2024-03,4578.7,74.6,26
USG05138,CUST0263,2024-10,34037.1,164.3,21
USG05139,CUST0258,2024-06,3132.8,17.2,22
USG05140,CUST0039,2024-07,7827.1,39.1,23
USG05141,CUST0402,2024-01,12167.3,80.7,27
USG05142,CUST0397,2024-04,8098.2,58.0,21
USG05143,CUST0068,2024-04,15571.0,61.1,25
USG05144,CUST0246,2024-07,16150.0,74.7,23
USG05145,CUST0207,2024-11,14721.5,309.7,24
USG05146,CUST0189,2024-01,9778.1,124.0,25
USG05147,CUST0398,2024-07,9209.1,123.5,19
USG05148,CUST0144,2024-08,7433.8,23.8,20
USG05149,CUST0219,2024-08,6632.0,58.0,21
USG05150,CUST0160,2024-09,9214.7,188.8,33
USG05151,CUST0273,2024-01,2256.8,115.6,20
USG05152,CUST0192,2024-11,23084.3,96.7,30
USG05153,CUST0252,2024-05,2821.6,24.1,32
USG05154,CUST0197,2024-10,8455.4,241.4,24
USG05155,CUST0232,2024-11,6048.9,93.7,28
USG05156,CUST0345,2024-09,3190.0,111.3,24
USG05157,CUST0076,2024-07,6138.2,88.4,31
USG05158,CUST0322,2024-03,11279.1,41.2,29
USG05159,CUST0405,2024-07,10250.1,334.3,25
USG05160,CUST0402,2024-04,10114.3,131.9,30
USG05161,CUST0486,2024-12,2899.9,151.0,30
USG05162,CUST0232,2024-12,16327.0,105.9,27
USG05163,CUST0416,2024-10,12859.6,161.5,34
USG05164,CUST0426,2024-09,1137.3,88.8,22
USG05165,CUST0411,2024-06,16472.3,12.0,28
USG05166,CUST0237,2024-09,11333.5,329.5,22
USG05167,CUST0120,2024-12,9306.8,160.0,22
USG05168,CUST0443,2024-02,8199.8,102.3,27
USG05169,CUST0414,2024-08,2949.8,254.3,20
USG05170,CUST0276,2024-06,17400.2,124.1,29
USG05171,CUST0058,2024-07,6005.2,95.0,25
USG05172,CUST0221,2024-06,8395.1,69.6,33
USG05173,CUST0368,2024-11,8935.0,111.1,30
USG05174,CUST0025,2024-03,4342.1,117.6,20
USG05175,CUST0034,2024-01,3227.5,89.5,29
USG05176,CUST0356,2024-08,11153.0,155.1,25
USG05177,CUST0389,2024-10,3894.2,59.1,33
USG05178,CUST0106,2024-06,9875.3,67.5,25
USG05179,CUST0307,2024-12,8127.6,53.3,32
USG05180,CUST0448,2024-08,9350.3,5.1,24
USG05181,CUST0390,2024-12,9062.2,171.4,34
USG05182,CUST0104,2024-12,8182.2,120.9,21
USG05183,CUST0252,2024-02,8806.5,114.3,27
USG05184,CUST0342,2024-02,15444.6,48.0,27
USG05185,CUST0362,2024-04,9717.8,72.4,26
USG05186,CUST0201,2024-04,14200.6,181.0,30
USG05187,CUST0107,2024-12,4641.4,192.6,23
USG05188,CUST0168,2024-05,26031.5,43.2,23
USG05189,CUST0018,2024-04,6365.6,51.5,23
USG05190,CUST0089,2024-01,4340.7,69.4,28
USG05191,CUST0106,2024-02,3830.2,189.2,22
USG05192,CUST0087,2024-01,5875.8,260.9,25
USG05193,CUST0382,2024-04,12037.8,355.2,24
USG05194,CUST0490,2024-02,7195.6,303.2,28
USG05195,CUST0307,2024-08,3763.0,74.6,14
USG05196,CUST0319,2024-11,400.3,140.7,32
USG05197,CUST0356,2024-04,5333.9,74.4,30
USG05198,CUST0471,2024-02,7439.0,64.7,28
USG05199,CUST0189,2024-11,16738.6,42.4,18
USG05200,CUST0465,2024-06,14933.9,9.7,21
USG05201,CUST0305,2024-06,3414.3,16.7,34
USG05202,CUST0307,2024-09,23840.6,46.8,24
USG05203,CUST0007,2024-04,4493.6,178.1,31
USG05204,CUST0070,2024-04,8825.0,63.6,27
USG05205,CUST0163,2024-03,1788.4,68.5,20
USG05206,CUST0377,2024-03,14279.2,13.5,30
USG05207,CUST0132,2024-08,4899.1,38.9,33
USG05208,CUST0332,2024-08,5213.0,10.3,27
USG05209,CUST0456,2024-02,2901.3,147.2,23
USG05210,CUST0021,2024-01,1849.6,165.3,20
USG05211,CUST0127,2024-02,4596.8,61.4,22
USG05212,CUST0110,2024-05,6820.9,51.1,25
USG05213,CUST0296,2024-01,8149.4,59.5,22
USG05214,CUST0343,2024-06,15398.8,47.1,29
USG05215,CUST0403,2024-01,5444.3,160.0,23
USG05216,CUST0277,2024-06,9419.8,31.8,28
USG05217,CUST0479,2024-04,5171.4,98.4,29
USG05218,CUST0350,2024-06,8280.8,172.5,23
USG05219,CUST0177,2024-09,6967.3,215.6,29
USG05220,CUST0390,2024-02,9343.5,271.2,27
USG05221,CUST0400,2024-11,4255.8,72.1,29
USG05222,CUST0120,2024-04,7098.2,42.8,24
USG05223,CUST0417,2024-06,16167.0,53.8,15
USG05224,CUST0240,2024-10,6873.3,125.2,22
USG05225,CUST0232,2024-05,10397.1,117.4,22
USG05226,CUST0332,2024-07,7918.4,223.2,34
USG05227,CUST0206,2024-06,5882.1,86.7,27
USG05228,CUST0015,2024-12,5887.9,42.3,29
USG05229,CUST0462,2024-04,8909.7,59.8,24
USG05230,CUST0284,2024-02,21494.3,134.2,26
USG05231,CUST0366,2024-04,11029.9,190.1,21
USG05232,CUST0484,2024-03,7536.9,47.9,26
USG05233,CUST0173,2024-03,2397.6,104.4,25
USG05234,CUST0229,2024-03,2043.8,172.4,28
USG05235,CUST0211,2024-05,12630.0,52.6,16
USG05236,CUST0156,2024-04,9827.2,185.4,37
USG05237,CUST0270,2024-04,6062.5,228.0,29
USG05238,CUST0319,2024-03,4199.5,29.2,26
USG05239,CUST0212,2024-03,10676.9,54.7,18
USG05240,CUST0444,2024-05,3981.7,220.9,24
USG05241,CUST0234,2024-06,20953.6,63.0,32
USG05242,CUST0164,2024-03,4697.2,197.7,24
USG05243,CUST0319,2024-07,5501.9,136.5,25
USG05244,CUST0356,2024-10,6689.7,185.0,25
USG05245,CUST0407,2024-02,10292.7,78.3,22
USG05246,CUST0291,2024-04,5665.6,112.0,25
USG05247,CUST0309,2024-01,17410.1,133.9,23
USG05248,CUST0093,2024-01,2974.3,49.7,35
USG05249,CUST0289,2024-09,16828.9,50.0,18
USG05250,CUST0409,2024-11,6747.3,121.6,24
USG05251,CUST0083,2024-08,8835.0,252.1,23
USG05252,CUST0239,2024-10,4008.0,106.4,27
USG05253,CUST0011,2024-09,1637.7,52.2,19
USG05254,CUST0145,2024-05,11277.2,82.7,26
USG05255,CUST0096,2024-08,2414.6,40.3,33
USG05256,CUST0018,2024-01,6746.8,225.6,27
USG05257,CUST0114,2024-06,12604.0,166.3,33
USG05258,CUST0083,2024-01,10582.9,142.0,21
USG05259,CUST0003,2024-11,16559.7,136.3,20
USG05260,CUST0196,2024-09,6181.1,124.4,32
USG05261,CUST0171,2024-03,7966.0,560.8,26
USG05262,CUST0485,2024-05,13115.0,63.8,33
USG05263,CUST0468,2024-12,7550.0,131.6,20
USG05264,CUST0471,2024-08,3727.4,47.0,26
USG05265,CUST0495,2024-01,2708.0,125.4,16
USG05266,CUST0422,2024-12,12835.5,263.8,27
USG05267,CUST0381,2024-06,15321.7,97.9,28
USG05268,CUST0463,2024-01,3193.9,68.7,32
USG05269,CUST0145,2024-03,5787.1,83.6,19
USG05270,CUST0114,2024-12,4207.2,52.8,25
USG05271,CUST0298,2024-09,13245.4,99.7,26
USG05272,CUST0054,2024-05,10000.0,201.4,28
USG05273,CUST0291,2024-02,17294.7,90.4,28
USG05274,CUST0451,2024-07,3464.2,9.7,27
USG05275,CUST0410,2024-03,6869.1,96.3,21
USG05276,CUST0164,2024-02,21424.6,107.7,24
USG05277,CUST0434,2024-01,12428.1,79.4,24
USG05278,CUST0459,2024-05,7781.7,227.8,28
USG05279,CUST0221,2024-09,1528.7,80.3,28
USG05280,CUST0120,2024-11,10210.8,8.7,15
USG05281,CUST0178,2024-04,5391.0,357.4,33
USG05282,CUST0113,2024-04,28210.1,108.2,25
USG05283,CUST0293,2024-11,3312.5,205.1,32
USG05284,CUST0315,2024-08,1901.4,232.4,21
USG05285,CUST0254,2024-03,4954.5,60.6,19
USG05286,CUST0173,2024-07,20180.2,75.4,27
USG05287,CUST0079,2024-11,5313.6,256.3,18
USG05288,CUST0100,2024-05,7564.8,108.7,27
USG05289,CUST0227,2024-11,3291.9,77.5,44
USG05290,CUST0429,2024-03,620.1,68.3,22
USG05291,CUST0412,2024-01,14626.8,41.8,22
USG05292,CUST0109,2024-02,7415.5,115.3,25
USG05293,CUST0032,2024-05,14657.1,145.6,30
USG05294,CUST0420,2024-11,6592.9,74.2,25
USG05295,CUST0263,2024-04,7959.0,80.1,25
USG05296,CUST0367,2024-04,28999.5,176.0,14
USG05297,CUST0157,2024-06,7447.8,71.7,26
USG05298,CUST0407,2024-05,10401.2,205.2,24
USG05299,CUST0384,2024-12,4050.7,35.6,26
USG05300,CUST0207,2024-04,8648.9,134.6,17
USG05301,CUST0075,2024-05,7975.5,140.0,20
USG05302,CUST0136,2024-07,20167.6,157.1,28
USG05303,CUST0352,2024-09,7465.0,94.5,20
USG05304,CUST0212,2024-12,13154.6,66.7,27
USG05305,CUST0326,2024-05,9491.1,112.7,22
USG05306,CUST0103,2024-07,6755.0,64.1,47
USG05307,CUST0054,2024-10,10313.0,89.6,17
USG05308,CUST0321,2024-04,15922.6,217.7,22
USG05309,CUST0017,2024-08,4010.4,26.7,26
USG05310,CUST0181,2024-10,9068.1,112.8,25
USG05311,CUST0362,2024-06,9418.6,96.6,28
USG05312,CUST0331,2024-08,10904.0,333.1,28
USG05313,CUST0206,2024-10,4579.4,62.0,25
USG05314,CUST0298,2024-01,16314.1,30.0,17
USG05315,CUST0272,2024-05,5732.1,125.6,33
USG05316,CUST0202,2024-03,6537.3,44.8,26
USG05317,CUST0062,2024-05,8159.6,103.7,29
USG05318,CUST0023,2024-10,10061.9,169.4,17
USG05319,CUST0144,2024-11,9573.1,115.4,26
USG05320,CUST0155,2024-03,13629.2,80.0,29
USG05321,CUST0309,2024-07,15618.4,59.9,31
USG05322,CUST0081,2024-12,5897.2,41.8,28
USG05323,CUST0182,2024-06,5534.5,230.7,27
USG05324,CUST0018,2024-07,5682.7,65.0,31
USG05325,CUST0303,2024-01,18835.7,173.6,38
USG05326,CUST0452,2024-08,3484.8,155.7,29
USG05327,CUST0465,2024-04,11238.0,178.3,20
USG05328,CUST0398,2024-11,8917.3,22.7,28
USG05329,CUST0035,2024-04,5410.4,105.6,26
USG05330,CUST0318,2024-07,18293.5,119.6,26
USG05331,CUST0230,2024-06,11423.9,127.7,20
USG05332,CUST0218,2024-06,13887.2,114.1,18
USG05333,CUST0060,2024-06,18818.0,54.4,23
USG05334,CUST0294,2024-05,9092.8,168.6,24
USG05335,CUST0232,2024-08,15018.1,180.4,30
USG05336,CUST0144,2024-03,9437.5,220.8,27
USG05337,CUST0096,2024-08,9801.0,119.1,28
USG05338,CUST0309,2024-04,8454.2,89.7,26
USG05339,CUST0344,2024-09,6111.8,82.2,40
USG05340,CUST0494,2024-12,9182.2,152.9,21
USG05341,CUST0114,2024-10,6222.0,88.4,18
USG05342,CUST0226,2024-10,1335.4,173.5,27
USG05343,CUST0333,2024-02,14282.7,74.0,32
USG05344,CUST0384,2024-10,5069.3,122.4,23
USG05345,CUST0112,2024-10,19012.7,221.0,16
USG05346,CUST0403,2024-08,8036.9,96.0,25
USG05347,CUST0161,2024-07,3520.7,262.5,26
USG05348,CUST0325,2024-06,5144.9,10.2,25
USG05349,CUST0437,2024-08,11150.2,67.1,19
USG05350,CUST0280,2024-10,2269.1,52.3,17
USG05351,CUST0064,2024-02,6830.9,309.5,17
USG05352,CUST0496,2024-10,20793.7,259.0,21
USG05353,CUST0325,2024-09,7267.0,378.2,25
USG05354,CUST0191,2024-07,4579.5,3.7,22
USG05355,CUST0429,2024-03,4671.2,50.1,21
USG05356,CUST0145,2024-04,8313.2,225.8,32
USG05357,CUST0097,2024-08,4253.7,120.0,23
USG05358,CUST0325,2024-12,5403.8,161.4,25
USG05359,CUST0208,2024-08,10522.4,110.7,21
USG05360,CUST0486,2024-10,5951.0,89.4,33
USG05361,CUST0426,2024-04,1638.2,125.4,37
USG05362,CUST0039,2024-12,4538.0,227.5,24
USG05363,CUST0087,2024-08,7791.1,192.0,25
USG05364,CUST0117,2024-10,11099.5,40.6,23
USG05365,CUST0067,2024-01,17988.9,81.3,27
USG05366,CUST0023,2024-08,3405.2,65.4,24
USG05367,CUST0325,2024-10,5624.2,47.1,31
USG05368,CUST0175,2024-12,4605.1,41.3,32
USG05369,CUST0297,2024-03,10216.2,46.6,26
USG05370,CUST0280,2024-01,8504.3,40.5,31
USG05371,CUST0485,2024-06,9366.6,397.8,32
USG05372,CUST0486,2024-01,2965.9,35.4,30
USG05373,CUST0218,2024-12,4311.5,139.6,24
USG05374,CUST0087,2024-10,3789.9,93.8,21
USG05375,CUST0103,2024-12,5297.1,113.7,27
USG05376,CUST0319,2024-08,2953.1,151.5,20
USG05377,CUST0080,2024-01,3701.9,263.5,26
USG05378,CUST0227,2024-03,11272.5,181.8,26
USG05379,CUST0362,2024-03,1073.0,79.2,24
USG05380,CUST0437,2024-09,7881.6,150.0,28
USG05381,CUST0390,2024-03,14637.6,63.4,26
USG05382,CUST0167,2024-08,4834.1,71.5,19
USG05383,CUST0231,2024-11,3424.4,80.3,20
USG05384,CUST0332,2024-03,16502.0,136.2,32
USG05385,CUST0476,2024-05,4064.3,29.9,25
USG05386,CUST0210,2024-05,7768.3,43.2,28
USG05387,CUST0467,2024-08,4275.8,133.3,24
USG05388,CUST0381,2024-06,17305.5,31.0,16
USG05389,CUST0498,2024-12,5187.7,64.1,31
USG05390,CUST0009,2024-05,4659.2,115.4,31
USG05391,CUST0357,2024-05,10761.1,176.8,29
USG05392,CUST0169,2024-01,4635.8,103.2,16
USG05393,CUST0299,2024-02,2634.5,266.3,20
USG05394,CUST0260,2024-06,7633.9,90.0,22
USG05395,CUST0300,2024-04,3229.5,61.7,33
USG05396,CUST0191,2024-10,11409.6,109.6,18
USG05397,CUST0022,2024-03,3370.8,72.4,25
USG05398,CUST0282,2024-10,1877.4,71.6,34
USG05399,CUST0013,2024-03,6434.6,81.4,25
USG05400,CUST0315,2024-12,12381.7,130.3,31
USG05401,CUST0219,2024-04,13188.0,91.1,23
USG05402,CUST0417,2024-01,9015.9,84.0,19
USG05403,CUST0486,2024-04,11938.0,133.4,27
USG05404,CUST0081,2024-12,19782.0,99.4,26
USG05405,CUST0403,2024-06,6179.7,133.3,22
USG05406,CUST0370,2024-12,6140.9,278.6,23
USG05407,CUST0381,2024-04,13581.8,316.1,17
USG05408,CUST0036,2024-01,7236.3,42.2,22
USG05409,CUST0303,2024-04,2582.0,65.0,28
USG05410,CUST0281,2024-08,9351.5,53.4,35
USG05411,CUST0301,2024-06,3068.6,356.3,31
USG05412,CUST0091,2024-05,9241.9,90.8,25
USG05413,CUST0491,2024-10,6225.4,165.2,30
USG05414,CUST0494,2024-01,7719.1,79.8,28
USG05415,CUST0454,2024-11,19184.2,64.5,28
USG05416,CUST0069,2024-12,8175.5,164.3,36
USG05417,CUST0481,2024-09,6784.1,109.8,29
USG05418,CUST0166,2024-01,24697.8,92.2,34
USG05419,CUST0282,2024-12,6188.4,302.6,32
USG05420,CUST0474,2024-04,10487.2,79.3,28
USG05421,CUST0299,2024-05,8740.2,101.8,19
USG05422,CUST0053,2024-02,13309.1,180.9,23
USG05423,CUST0029,2024-12,3705.0,89.9,26
USG05424,CUST0260,2024-04,11743.7,9.6,26
USG05425,CUST0229,2024-06,7973.0,62.6,22
USG05426,CUST0415,2024-12,4458.5,181.0,24
USG05427,CUST0370,2024-09,13096.8,198.7,18
USG05428,CUST0021,2024-04,4790.4,240.6,19
USG05429,CUST0024,2024-10,3593.7,220.0,17
USG05430,CUST0018,2024-02,7759.9,182.2,27
USG05431,CUST0207,2024-12,11749.0,180.0,26
USG05432,CUST0207,2024-01,16492.8,141.7,19
USG05433,CUST0342,2024-06,12125.3,69.8,22
USG05434,CUST0162,2024-03,10490.7,39.8,30
USG05435,CUST0384,2024-04,2625.2,109.2,31
USG05436,CUST0196,2024-02,11432.9,163.7,25
USG05437,CUST0061,2024-03,5058.3,34.5,22
USG05438,CUST0357,2024-05,7669.6,27.2,21
USG05439,CUST0409,2024-05,8388.0,112.3,23
USG05440,CUST0185,2024-01,20061.2,78.8,20
USG05441,CUST0225,2024-12,6221.5,28.2,20
USG05442,CUST0448,2024-03,4488.5,164.2,20
USG05443,CUST0040,2024-04,8226.0,196.7,25
USG05444,CUST0043,2024-12,4479.2,197.4,29
USG05445,CUST0002,2024-04,1581.8,94.4,24
USG05446,CUST0328,2024-01,9185.7,71.6,24
USG05447,CUST0016,2024-08,4992.9,51.7,20
USG05448,CUST0219,2024-10,9202.7,8.4,18
USG05449,CUST0018,2024-01,10334.1,49.4,14
USG05450,CUST0230,2024-11,13499.4,83.4,20
USG05451,CUST0062,2024-07,7717.9,177.3,23
USG05452,CUST0106,2024-07,7478.1,33.6,33
USG05453,CUST0204,2024-07,6269.0,32.1,25
USG05454,CUST0294,2024-05,9487.8,174.5,20
USG05455,CUST0232,2024-05,13278.9,149.7,23
USG05456,CUST0130,2024-07,15000.9,196.4,16
USG05457,CUST0031,2024-01,8648.4,36.6,17
USG05458,CUST0281,2024-04,8711.7,220.0,15
USG05459,CUST0192,2024-03,10835.9,79.3,32
USG05460,CUST0280,2024-02,11389.1,23.4,27
USG05461,CUST0119,2024-05,4092.9,187.9,27
USG05462,CUST0060,2024-06,6697.6,73.5,25
USG05463,CUST0403,2024-07,12460.6,336.5,19
USG05464,CUST0058,2024-10,10961.9,110.2,20
USG05465,CUST0485,2024-02,21068.7,152.4,21
USG05466,CUST0402,2024-09,9560.8,30.0,25
USG05467,CUST0352,2024-10,6302.6,44.1,30
USG05468,CUST0238,2024-02,6485.6,125.2,20
USG05469,CUST0232,2024-05,8378.0,179.6,27
USG05470,CUST0486,2024-02,6865.6,58.1,20
USG05471,CUST0366,2024-01,4256.2,143.0,20
USG05472,CUST0393,2024-12,5727.4,113.4,22
USG05473,CUST0102,2024-11,3934.5,180.1,29
USG05474,CUST0218,2024-11,3366.0,58.6,28
USG05475,CUST0273,2024-09,11217.9,522.1,25
USG05476,CUST0182,2024-10,2902.8,148.3,30
USG05477,CUST0316,2024-06,11865.4,177.6,27
USG05478,CUST0488,2024-02,5081.0,104.1,33
USG05479,CUST0168,2024-01,3227.1,49.1,24
USG05480,CUST0176,2024-08,12815.3,163.8,27
USG05481,CUST0021,2024-12,1458.6,79.1,24
USG05482,CUST0491,2024-01,6543.2,147.6,17
USG05483,CUST0280,2024-08,7077.3,118.4,31
USG05484,CUST0092,2024-07,9666.3,62.9,23
USG05485,CUST0024,2024-10,7382.1,45.5,24
USG05486,CUST0118,2024-10,13198.3,205.2,32
USG05487,CUST0132,2024-08,4150.9,210.3,35
USG05488,CUST0492,2024-02,11594.9,136.0,26
USG05489,CUST0463,2024-12,8479.6,180.1,30
USG05490,CUST0283,2024-10,4254.3,51.7,11
USG05491,CUST0033,2024-11,5357.2,61.9,23
USG05492,CUST0152,2024-10,7290.9,143.9,28
USG05493,CUST0422,2024-11,1558.5,52.2,26
USG05494,CUST0096,2024-12,9600.8,17.5,26
USG05495,CUST0444,2024-02,7296.3,123.9,17
USG05496,CUST0444,2024-01,9538.5,32.9,23
USG05497,CUST0325,2024-10,5479.3,95.3,18
USG05498,CUST0280,2024-12,11859.0,161.8,25
USG05499,CUST0206,2024-08,8588.4,37.8,26
USG05500,CUST0313,2024-09,3054.1,299.0,30
USG05501,CUST0408,2024-06,5468.4,59.7,24
USG05502,CUST0147,2024-11,2810.3,51.5,32
USG05503,CUST0485,2024-10,11576.3,8.8,28
USG05504,CUST0189,2024-01,1426.3,48.3,29
USG05505,CUST0116,2024-06,7596.6,207.7,21
USG05506,CUST0318,2024-09,6172.0,106.0,27
USG05507,CUST0100,2024-06,6412.9,109.1,20
USG05508,CUST0185,2024-09,2215.9,180.7,27
USG05509,CUST0163,2024-11,19978.1,72.1,32
USG05510,CUST0454,2024-06,5691.9,91.9,25
USG05511,CUST0055,2024-07,4809.5,122.4,19
USG05512,CUST0175,2024-06,4509.6,164.9,27
USG05513,CUST0157,2024-10,12553.6,156.4,17
USG05514,CUST0486,2024-05,8478.8,111.6,25
USG05515,CUST0281,2024-12,2710.1,81.6,30
USG05516,CUST0058,2024-02,2989.1,51.5,23
USG05517,CUST0471,2024-11,6608.6,190.7,21
USG05518,CUST0425,2024-02,8784.6,189.8,15
USG05519,CUST0423,2024-12,1624.2,256.9,22
USG05520,CUST0449,2024-02,4429.3,106.4,30
USG05521,CUST0440,2024-02,17444.6,109.1,36
USG05522,CUST0387,2024-10,2769.3,385.6,28
USG05523,CUST0396,2024-03,6545.2,83.5,27
USG05524,CUST0017,2024-11,14315.7,75.3,33
USG05525,CUST0210,2024-11,14822.8,76.6,22
USG05526,CUST0231,2024-05,10732.7,35.0,24
USG05527,CUST0210,2024-04,2023.9,147.1,27
USG05528,CUST0498,2024-05,6032.4,161.3,31
USG05529,CUST0338,2024-12,7057.9,12.9,27
USG05530,CUST0360,2024-12,11540.0,19.5,16
USG05531,CUST0497,2024-10,13178.7,50.2,30
USG05532,CUST0254,2024-09,11232.0,46.7,27
USG05533,CUST0189,2024-08,3603.2,95.8,24
USG05534,CUST0294,2024-08,13106.0,66.2,27
USG05535,CUST0014,2024-03,3413.9,40.8,26
USG05536,CUST0210,2024-04,10186.8,208.4,21
USG05537,CUST0177,2024-04,9742.8,134.3,34
USG05538,CUST0017,2024-06,9298.4,38.5,21
USG05539,CUST0119,2024-03,8513.1,245.5,37
USG05540,CUST0498,2024-05,10673.2,93.5,36
USG05541,CUST0444,2024-06,12816.4,101.3,24
USG05542,CUST0175,2024-07,12941.0,116.2,18
USG05543,CUST0300,2024-03,7759.5,43.2,21
USG05544,CUST0273,2024-12,3952.7,60.6,26
USG05545,CUST0054,2024-04,5498.5,73.5,31
USG05546,CUST0329,2024-03,5191.4,102.0,20
USG05547,CUST0322,2024-07,5916.8,194.1,26
USG05548,CUST0080,2024-07,10521.2,136.7,35
USG05549,CUST0425,2024-08,8772.1,181.9,31
USG05550,CUST0092,2024-03,4642.3,109.1,22
USG05551,CUST0406,2024-04,9541.6,46.5,28
USG05552,CUST0015,2024-08,3108.9,75.2,44
USG05553,CUST0227,2024-04,17668.8,102.7,16
USG05554,CUST0071,2024-10,4627.5,208.5,25
USG05555,CUST0048,2024-08,3924.4,269.1,29
USG05556,CUST0187,2024-04,4984.3,288.5,26
USG05557,CUST0280,2024-02,13499.7,412.6,19
USG05558,CUST0333,2024-05,14572.8,103.6,30
USG05559,CUST0076,2024-05,12048.4,122.1,21
USG05560,CUST0218,2024-03,13199.5,33.8,20
USG05561,CUST0481,2024-11,15284.5,80.3,26
USG05562,CUST0192,2024-12,4950.7,68.8,25
USG05563,CUST0411,2024-04,22836.2,22.0,18
USG05564,CUST0081,2024-02,10157.5,24.6,20
USG05565,CUST0161,2024-10,17961.8,38.6,19
USG05566,CUST0479,2024-11,14910.7,132.1,17
USG05567,CUST0426,2024-04,13398.6,66.1,25
USG05568,CUST0013,2024-02,9287.0,161.1,26
USG05569,CUST0094,2024-09,2487.9,91.0,21
USG05570,CUST0426,2024-05,11693.3,223.4,22
USG05571,CUST0462,2024-11,7407.9,338.6,27
USG05572,CUST0408,2024-08,4685.9,119.0,19
USG05573,CUST0230,2024-04,4416.5,31.4,20
USG05574,CUST0038,2024-12,9280.2,165.3,17
USG05575,CUST0397,2024-06,15670.2,41.8,19
USG05576,CUST0327,2024-12,8448.5,152.7,26
USG05577,CUST0402,2024-01,6228.1,74.1,30
USG05578,CUST0433,2024-04,10902.7,197.6,13
USG05579,CUST0443,2024-12,4889.6,121.9,23
USG05580,CUST0160,2024-10,21889.9,173.4,20
USG05581,CUST0027,2024-11,14699.1,112.0,28
USG05582,CUST0095,2024-02,9584.8,195.9,26
USG05583,CUST0068,2024-05,4622.8,58.6,18
USG05584,CUST0325,2024-11,6906.8,45.5,22
USG05585,CUST0096,2024-01,11290.6,172.0,20
USG05586,CUST0498,2024-12,16568.5,63.4,25
USG05587,CUST0259,2024-09,5668.7,164.1,36
USG05588,CUST0048,2024-07,5508.8,88.5,17
USG05589,CUST0390,2024-06,9921.7,117.5,37
USG05590,CUST0331,2024-07,20721.3,88.7,32
USG05591,CUST0396,2024-03,4908.9,87.4,20
USG05592,CUST0140,2024-09,2641.6,14.1,22
USG05593,CUST0392,2024-12,18347.1,175.0,23
USG05594,CUST0154,2024-06,5489.0,77.7,21
USG05595,CUST0192,2024-10,3903.0,102.8,25
USG05596,CUST0218,2024-08,10930.4,42.4,25
USG05597,CUST0281,2024-01,4300.4,390.7,23
USG05598,CUST0487,2024-05,9235.2,133.2,23
USG05599,CUST0011,2024-06,6558.9,35.5,23
USG05600,CUST0250,2024-02,12097.2,48.2,21
USG05601,CUST0053,2024-03,10083.1,53.0,29
USG05602,CUST0109,2024-08,14636.5,35.3,27
USG05603,CUST0070,2024-05,5460.8,266.3,26
USG05604,CUST0018,2024-10,8556.9,55.2,24
USG05605,CUST0048,2024-04,17659.5,143.3,25
USG05606,CUST0345,2024-12,11099.6,34.2,27
USG05607,CUST0370,2024-01,9556.2,111.6,25
USG05608,CUST0106,2024-01,3764.4,41.7,28
USG05609,CUST0110,2024-11,11956.0,257.4,34
USG05610,CUST0367,2024-06,3372.2,139.3,22
USG05611,CUST0126,2024-12,8971.9,243.4,23
USG05612,CUST0033,2024-07,10584.8,188.7,32
USG05613,CUST0278,2024-08,5972.1,69.4,27
USG05614,CUST0206,2024-10,8440.2,42.2,16
USG05615,CUST0322,2024-05,8425.8,149.3,28
USG05616,CUST0325,2024-11,10580.0,123.3,23
USG05617,CUST0408,2024-10,11613.9,308.5,21
USG05618,CUST0415,2024-03,7484.2,385.5,21
USG05619,CUST0405,2024-11,5412.3,32.9,22
USG05620,CUST0433,2024-10,11428.9,108.4,21
USG05621,CUST0253,2024-09,4282.8,84.5,14
USG05622,CUST0412,2024-01,5357.0,408.3,24
USG05623,CUST0202,2024-09,5899.0,194.5,18
USG05624,CUST0483,2024-06,4530.5,14.3,22
USG05625,CUST0309,2024-06,10614.4,201.0,26
USG05626,CUST0496,2024-01,17610.9,69.7,27
USG05627,CUST0444,2024-03,3323.2,22.1,16
USG05628,CUST0274,2024-12,17842.0,267.9,21
USG05629,CUST0255,2024-10,7266.4,89.4,30
USG05630,CUST0309,2024-02,7997.3,131.4,15
USG05631,CUST0487,2024-08,14815.7,75.3,23
USG05632,CUST0304,2024-01,6840.2,54.4,27
USG05633,CUST0121,2024-07,13168.7,167.4,24
USG05634,CUST0248,2024-03,6788.6,120.8,19
USG05635,CUST0333,2024-05,4787.8,135.2,19
USG05636,CUST0144,2024-07,2273.9,103.8,22
USG05637,CUST0210,2024-03,6750.0,19.9,17
USG05638,CUST0363,2024-11,6914.6,192.6,27
USG05639,CUST0478,2024-06,10219.1,54.0,20
USG05640,CUST0056,2024-12,16002.5,152.4,33
USG05641,CUST0307,2024-12,16756.1,205.2,32
USG05642,CUST0181,2024-01,14479.7,108.0,26
USG05643,CUST0442,2024-06,6724.3,273.4,16
USG05644,CUST0416,2024-04,8678.6,276.7,29
USG05645,CUST0062,2024-09,9016.3,92.4,21
USG05646,CUST0301,2024-04,12382.9,466.9,24
USG05647,CUST0390,2024-05,1757.1,67.0,24
USG05648,CUST0471,2024-06,17582.0,139.8,18
USG05649,CUST0366,2024-02,8285.8,199.3,27
USG05650,CUST0086,2024-01,6458.2,291.0,30
USG05651,CUST0061,2024-04,4831.5,20.6,27
USG05652,CUST0051,2024-04,3929.9,147.1,24
USG05653,CUST0467,2024-05,2801.2,52.4,23
USG05654,CUST0162,2024-03,10435.7,14.0,20
USG05655,CUST0036,2024-10,10554.6,182.2,28
USG05656,CUST0035,2024-09,8904.7,67.7,30
USG05657,CUST0400,2024-06,6503.8,125.1,17
USG05658,CUST0471,2024-02,2514.4,55.3,23
USG05659,CUST0180,2024-03,3820.6,235.6,23
USG05660,CUST0398,2024-09,21202.8,101.3,29
USG05661,CUST0045,2024-06,4401.5,175.0,21
USG05662,CUST0299,2024-12,6017.2,21.2,28
USG05663,CUST0392,2024-05,11164.0,93.8,29
USG05664,CUST0152,2024-04,12413.6,20.3,22
USG05665,CUST0103,2024-10,15616.0,70.2,18
USG05666,CUST0044,2024-11,11029.9,173.2,40
USG05667,CUST0248,2024-08,6728.6,114.8,25
USG05668,CUST0165,2024-02,12478.7,37.6,30
USG05669,CUST0473,2024-07,7145.1,82.2,21
USG05670,CUST0156,2024-05,9221.1,41.2,29
USG05671,CUST0019,2024-12,12767.2,67.1,24
USG05672,CUST0325,2024-11,8488.6,230.1,28
USG05673,CUST0275,2024-10,5222.8,16.3,29
USG05674,CUST0486,2024-11,7381.1,145.8,29
USG05675,CUST0210,2024-08,5568.7,53.7,22
USG05676,CUST0162,2024-06,27842.5,125.2,23
USG05677,CUST0226,2024-01,13767.3,49.7,35
USG05678,CUST0324,2024-11,4434.2,32.1,26
USG05679,CUST0162,2024-01,5156.9,141.8,32
USG05680,CUST0152,2024-03,5780.5,112.4,24
USG05681,CUST0258,2024-03,3475.2,146.8,26
USG05682,CUST0428,2024-04,2058.8,25.3,20
USG05683,CUST0011,2024-12,6616.8,84.7,28
USG05684,CUST0496,2024-06,6916.5,64.9,25
USG05685,CUST0354,2024-08,1697.5,96.0,27
USG05686,CUST0397,2024-04,5683.4,319.6,21
USG05687,CUST0092,2024-06,14072.6,180.2,26
USG05688,CUST0402,2024-05,4613.1,41.0,24
USG05689,CUST0035,2024-12,1149.0,103.3,27
USG05690,CUST0166,2024-05,14233.6,419.6,25
USG05691,CUST0386,2024-05,6055.7,40.9,22
USG05692,CUST0281,2024-08,3279.9,179.8,24
USG05693,CUST0109,2024-02,12952.6,134.2,35
USG05694,CUST0292,2024-05,10600.2,26.4,26
USG05695,CUST0498,2024-10,7191.6,23.6,30
USG05696,CUST0325,2024-01,3966.3,113.1,19
USG05697,CUST0486,2024-12,2972.9,84.9,26
USG05698,CUST0114,2024-04,4701.4,20.9,16
USG05699,CUST0358,2024-09,14859.0,9.9,32
USG05700,CUST0336,2024-07,9229.0,80.1,19
USG05701,CUST0034,2024-10,13818.8,167.8,26
USG05702,CUST0040,2024-07,7170.6,126.6,21
USG05703,CUST0416,2024-08,2814.2,60.0,19
USG05704,CUST0180,2024-10,7580.4,64.5,25
USG05705,CUST0199,2024-01,6770.8,188.8,22
USG05706,CUST0392,2024-10,13328.4,158.4,32
USG05707,CUST0485,2024-02,5653.4,24.4,16
USG05708,CUST0381,2024-04,7708.8,453.7,21
USG05709,CUST0184,2024-04,8061.1,109.0,23
USG05710,CUST0404,2024-12,4802.7,195.8,27
USG05711,CUST0244,2024-10,14004.1,84.2,26
USG05712,CUST0162,2024-03,1802.7,129.7,29
USG05713,CUST0050,2024-08,5243.6,13.2,29
USG05714,CUST0232,2024-06,16415.8,257.5,26
USG05715,CUST0370,2024-07,2417.1,83.1,32
USG05716,CUST0124,2024-06,14068.8,178.6,33
USG05717,CUST0332,2024-12,9168.2,172.7,25
USG05718,CUST0016,2024-07,18930.6,153.5,21
USG05719,CUST0291,2024-03,8665.5,132.0,26
USG05720,CUST0395,2024-10,5131.8,116.8,24
USG05721,CUST0033,2024-06,7836.9,31.9,20
USG05722,CUST0008,2024-12,2223.1,352.1,22
USG05723,CUST0134,2024-09,3203.3,49.4,23
USG05724,CUST0101,2024-10,4412.4,243.2,22
USG05725,CUST0437,2024-03,7217.4,150.7,22
USG05726,CUST0162,2024-04,6182.8,124.7,28
USG05727,CUST0362,2024-06,11432.1,57.8,30
USG05728,CUST0415,2024-10,10037.1,91.0,23
USG05729,CUST0189,2024-09,4790.6,131.4,25
USG05730,CUST0127,2024-09,11988.5,89.1,28
USG05731,CUST0071,2024-03,2317.0,24.4,30
USG05732,CUST0468,2024-03,6973.6,38.3,28
USG05733,CUST0456,2024-06,8708.4,107.7,20
USG05734,CUST0118,2024-05,9308.3,165.6,31
USG05735,CUST0126,2024-09,7744.1,109.7,25
USG05736,CUST0016,2024-09,9078.2,5.0,26
USG05737,CUST0144,2024-02,5084.4,191.0,32
USG05738,CUST0462,2024-07,3191.3,131.9,24
USG05739,CUST0426,2024-08,7787.8,83.9,35
USG05740,CUST0436,2024-10,6312.4,165.2,33
USG05741,CUST0085,2024-01,8665.2,172.4,24
USG05742,CUST0445,2024-04,21596.5,51.7,31
USG05743,CUST0390,2024-10,11271.2,37.7,24
USG05744,CUST0212,2024-06,8062.9,168.6,27
USG05745,CUST0420,2024-08,5975.2,33.2,27
USG05746,CUST0106,2024-04,26548.5,151.3,27
USG05747,CUST0408,2024-09,14546.9,90.7,31
USG05748,CUST0027,2024-05,11550.2,95.8,30
USG05749,CUST0252,2024-02,12541.7,163.1,20
USG05750,CUST0217,2024-04,11274.6,102.5,20
USG05751,CUST0409,2024-05,6532.3,81.0,21
USG05752,CUST0406,2024-08,9666.8,95.9,18
USG05753,CUST0254,2024-08,17946.5,130.9,24
USG05754,CUST0437,2024-03,13953.1,353.3,20
USG05755,CUST0154,2024-05,9060.4,289.7,35
USG05756,CUST0485,2024-06,5818.6,87.3,35
USG05757,CUST0485,2024-09,9055.2,67.6,29
USG05758,CUST0301,2024-07,11108.2,346.5,28
USG05759,CUST0307,2024-01,13373.0,312.1,23
USG05760,CUST0061,2024-01,8707.4,126.3,32
USG05761,CUST0206,2024-08,12658.9,146.0,17
USG05762,CUST0497,2024-11,3604.0,136.9,24
USG05763,CUST0381,2024-10,14877.4,108.8,27
USG05764,CUST0263,2024-05,2128.9,199.5,28
USG05765,CUST0458,2024-10,7771.3,42.4,22
USG05766,CUST0185,2024-05,14614.7,39.2,20
USG05767,CUST0248,2024-09,16266.2,94.2,22
USG05768,CUST0123,2024-07,6251.5,42.2,26
USG05769,CUST0485,2024-05,5245.7,123.5,26
USG05770,CUST0189,2024-05,4981.9,185.9,16
USG05771,CUST0207,2024-06,5728.9,260.7,12
USG05772,CUST0053,2024-04,4515.1,111.7,25
USG05773,CUST0386,2024-10,12796.6,193.1,23
USG05774,CUST0444,2024-03,15759.3,148.1,28
USG05775,CUST0345,2024-09,2779.9,13.5,18
USG05776,CUST0180,2024-05,10528.7,21.5,21
USG05777,CUST0390,2024-07,6584.0,98.8,16
USG05778,CUST0406,2024-12,3288.4,32.8,18
USG05779,CUST0210,2024-07,7286.6,34.0,21
USG05780,CUST0106,2024-02,17564.3,223.2,22
USG05781,CUST0007,2024-06,4527.1,162.5,32
USG05782,CUST0206,2024-06,6504.4,134.6,26
USG05783,CUST0051,2024-01,5564.1,149.4,23
USG05784,CUST0444,2024-12,6920.9,60.4,27
USG05785,CUST0013,2024-08,14985.9,230.7,24
USG05786,CUST0369,2024-08,24226.6,155.3,19
USG05787,CUST0476,2024-02,4800.8,55.9,22
USG05788,CUST0088,2024-04,8837.0,133.6,22
USG05789,CUST0092,2024-01,15738.3,184.8,22
USG05790,CUST0040,2024-09,8071.6,31.1,25
USG05791,CUST0291,2024-01,8140.1,60.6,24
USG05792,CUST0162,2024-05,2628.0,207.6,29
USG05793,CUST0409,2024-02,9123.9,35.5,37
USG05794,CUST0315,2024-11,2482.4,35.5,22
USG05795,CUST0390,2024-06,31047.6,40.4,31
USG05796,CUST0270,2024-11,11376.2,74.2,25
USG05797,CUST0016,2024-11,11652.1,57.0,21
USG05798,CUST0381,2024-08,8890.1,52.1,22
USG05799,CUST0036,2024-06,16035.9,258.4,31
USG05800,CUST0133,2024-06,9114.5,179.2,19
USG05801,CUST0240,2024-12,6371.8,19.3,24
USG05802,CUST0083,2024-04,9463.9,67.0,23
USG05803,CUST0097,2024-10,2297.1,103.2,25
USG05804,CUST0143,2024-08,15637.3,228.6,27
USG05805,CUST0074,2024-12,1984.9,215.5,19
USG05806,CUST0406,2024-03,14862.2,60.9,26
USG05807,CUST0201,2024-08,7982.4,69.9,23
USG05808,CUST0362,2024-07,17992.3,110.6,18
USG05809,CUST0189,2024-10,16292.3,137.6,26
USG05810,CUST0495,2024-08,6670.4,30.6,27
USG05811,CUST0493,2024-04,3014.7,345.7,26
USG05812,CUST0279,2024-06,12053.7,274.5,24
USG05813,CUST0171,2024-06,5969.5,341.0,23
USG05814,CUST0303,2024-08,8780.7,22.8,25
USG05815,CUST0273,2024-04,9285.0,35.0,27
USG05816,CUST0089,2024-09,15571.8,66.9,21
USG05817,CUST0288,2024-09,16111.5,266.2,30
USG05818,CUST0018,2024-04,6338.9,122.6,25
USG05819,CUST0152,2024-01,2372.0,33.0,33
USG05820,CUST0341,2024-10,8854.5,173.5,31
USG05821,CUST0079,2024-01,20349.2,67.4,24
USG05822,CUST0145,2024-04,16580.9,118.7,33
USG05823,CUST0477,2024-09,11887.6,109.5,25
USG05824,CUST0116,2024-07,16665.6,57.0,31
USG05825,CUST0415,2024-05,3180.0,27.5,28
USG05826,CUST0252,2024-09,3773.1,72.3,36
USG05827,CUST0394,2024-10,17527.9,40.7,34
USG05828,CUST0313,2024-08,5075.4,109.7,24
USG05829,CUST0146,2024-12,23412.2,56.5,36
USG05830,CUST0316,2024-05,6858.3,128.1,16
USG05831,CUST0224,2024-05,7153.0,6.8,30
USG05832,CUST0483,2024-05,10989.8,84.4,24
USG05833,CUST0114,2024-02,14543.7,251.1,27
USG05834,CUST0488,2024-07,13241.9,51.8,26
USG05835,CUST0175,2024-07,3467.0,167.6,27
USG05836,CUST0281,2024-04,12566.4,196.7,25
USG05837,CUST0360,2024-09,6878.3,266.8,23
USG05838,CUST0494,2024-10,19623.2,105.1,25
USG05839,CUST0092,2024-05,14865.3,67.6,23
USG05840,CUST0299,2024-06,4202.2,75.5,25
USG05841,CUST0070,2024-11,7873.7,90.1,21
USG05842,CUST0469,2024-08,16913.0,223.6,26
USG05843,CUST0205,2024-02,34936.4,39.4,27
USG05844,CUST0033,2024-02,14310.5,51.7,19
USG05845,CUST0245,2024-11,6107.8,155.0,34
USG05846,CUST0157,2024-07,6968.8,48.5,26
USG05847,CUST0201,2024-12,7748.3,36.1,25
USG05848,CUST0097,2024-10,12802.7,40.7,20
USG05849,CUST0336,2024-04,12441.3,173.9,25
USG05850,CUST0360,2024-12,15758.0,39.2,26
USG05851,CUST0207,2024-02,8700.6,143.1,29
USG05852,CUST0053,2024-10,8476.7,21.3,32
USG05853,CUST0320,2024-08,8073.4,232.7,22
USG05854,CUST0444,2024-11,18907.0,165.5,21
USG05855,CUST0210,2024-10,15338.3,55.6,15
USG05856,CUST0473,2024-10,9122.7,127.0,21
USG05857,CUST0083,2024-04,4211.0,151.2,29
USG05858,CUST0085,2024-12,5666.8,200.9,26
USG05859,CUST0002,2024-01,3848.1,178.7,33
USG05860,CUST0285,2024-03,13452.4,79.8,27
USG05861,CUST0470,2024-08,350.2,257.0,27
USG05862,CUST0189,2024-01,2854.1,61.8,31
USG05863,CUST0281,2024-03,22779.1,183.5,22
USG05864,CUST0170,2024-09,10760.0,37.8,34
USG05865,CUST0018,2024-05,4420.2,137.9,33
USG05866,CUST0342,2024-01,5542.1,224.2,23
USG05867,CUST0145,2024-08,4411.2,48.7,22
USG05868,CUST0096,2024-12,11315.3,69.8,18
USG05869,CUST0454,2024-10,12820.9,109.7,24
USG05870,CUST0201,2024-01,4939.1,105.9,33
USG05871,CUST0384,2024-09,4501.3,174.8,22
USG05872,CUST0061,2024-02,16991.1,74.6,26
USG05873,CUST0293,2024-07,4724.6,45.4,26
USG05874,CUST0095,2024-10,6607.1,303.6,19
USG05875,CUST0283,2024-02,20217.1,90.8,28
USG05876,CUST0259,2024-04,10017.6,71.3,23
USG05877,CUST0498,2024-01,15930.5,238.3,17
USG05878,CUST0064,2024-08,6638.0,177.2,22
USG05879,CUST0192,2024-03,17698.7,48.7,27
USG05880,CUST0479,2024-05,16917.8,135.6,37
USG05881,CUST0428,2024-08,15822.9,78.0,31
USG05882,CUST0366,2024-11,4369.2,113.8,27
USG05883,CUST0183,2024-06,8301.6,17.8,17
USG05884,CUST0050,2024-12,6837.4,87.6,27
USG05885,CUST0395,2024-09,6876.9,83.8,22
USG05886,CUST0092,2024-10,6762.2,39.3,29
USG05887,CUST0252,2024-05,12423.7,104.7,24
USG05888,CUST0175,2024-12,7183.5,45.2,21
USG05889,CUST0070,2024-12,7006.0,215.9,22
USG05890,CUST0127,2024-04,1789.7,44.6,36
USG05891,CUST0008,2024-12,19297.8,141.9,29
USG05892,CUST0482,2024-03,5332.6,59.4,26
USG05893,CUST0025,2024-10,7821.9,66.6,20
USG05894,CUST0203,2024-04,13236.2,318.2,25
USG05895,CUST0183,2024-04,1963.6,121.6,17
USG05896,CUST0390,2024-12,6915.3,127.2,22
USG05897,CUST0121,2024-02,18979.3,64.7,19
USG05898,CUST0173,2024-03,4848.3,164.5,26
USG05899,CUST0043,2024-01,3512.3,44.4,26
USG05900,CUST0426,2024-11,10595.8,142.2,30
USG05901,CUST0156,2024-07,1542.3,309.6,25
USG05902,CUST0177,2024-05,2228.0,68.7,24
USG05903,CUST0130,2024-01,33846.1,114.5,30
USG05904,CUST0473,2024-08,6794.8,237.5,24
USG05905,CUST0240,2024-02,5221.8,43.0,27
USG05906,CUST0255,2024-03,5260.7,108.5,35
USG05907,CUST0068,2024-09,2552.0,123.4,22
USG05908,CUST0263,2024-02,15489.0,170.6,29
USG05909,CUST0072,2024-11,6571.1,75.2,21
USG05910,CUST0182,2024-12,1652.9,61.5,25
USG05911,CUST0484,2024-06,3525.0,102.8,27
USG05912,CUST0252,2024-07,6922.0,303.6,25
USG05913,CUST0076,2024-11,14017.1,76.8,21
USG05914,CUST0058,2024-01,11354.3,44.6,15
USG05915,CUST0398,2024-01,2055.7,165.3,31
USG05916,CUST0391,2024-12,9153.4,73.6,25
USG05917,CUST0265,2024-02,14218.3,289.4,28
USG05918,CUST0001,2024-10,7087.5,10.8,27
USG05919,CUST0019,2024-06,8364.3,191.5,27
USG05920,CUST0265,2024-10,20402.5,417.1,24
USG05921,CUST0202,2024-02,2798.9,100.7,23
USG05922,CUST0018,2024-07,6270.4,161.0,25
USG05923,CUST0106,2024-01,20987.2,160.3,26
USG05924,CUST0258,2024-09,4595.5,112.1,25
USG05925,CUST0395,2024-12,19053.2,267.2,23
USG05926,CUST0261,2024-05,5153.6,199.7,31
USG05927,CUST0464,2024-01,5811.9,173.4,22
USG05928,CUST0113,2024-01,8004.7,122.2,29
USG05929,CUST0124,2024-08,11865.1,181.9,35
USG05930,CUST0315,2024-04,7646.9,150.9,34
USG05931,CUST0383,2024-03,10481.2,147.6,23
USG05932,CUST0383,2024-07,3574.1,202.2,18
USG05933,CUST0160,2024-01,7875.0,77.6,19
USG05934,CUST0376,2024-11,14918.1,127.0,15
USG05935,CUST0223,2024-04,11772.0,96.9,20
USG05936,CUST0439,2024-03,6959.4,251.7,25
USG05937,CUST0061,2024-05,5889.6,66.2,26
USG05938,CUST0371,2024-02,8887.1,39.2,28
USG05939,CUST0261,2024-04,9306.6,67.8,29
USG05940,CUST0315,2024-04,4103.1,55.2,25
USG05941,CUST0473,2024-06,6756.6,91.1,25
USG05942,CUST0098,2024-01,8022.6,86.5,30
USG05943,CUST0185,2024-09,10296.5,36.6,29
USG05944,CUST0361,2024-12,9316.2,31.3,33
USG05945,CUST0473,2024-03,10403.9,247.4,30
USG05946,CUST0418,2024-03,15604.5,34.8,23
USG05947,CUST0281,2024-10,14880.9,272.9,27
USG05948,CUST0367,2024-03,3482.4,14.5,28
USG05949,CUST0083,2024-03,11107.3,73.8,25
USG05950,CUST0130,2024-03,7279.6,39.2,18
USG05951,CUST0128,2024-12,5351.0,158.6,22
USG05952,CUST0087,2024-12,21398.9,66.6,22
USG05953,CUST0398,2024-03,17173.8,215.7,18
USG05954,CUST0157,2024-03,3872.6,175.4,21
USG05955,CUST0179,2024-10,12544.0,181.5,29
USG05956,CUST0484,2024-03,10904.3,28.2,31
USG05957,CUST0473,2024-01,4411.7,190.2,22
USG05958,CUST0154,2024-05,5794.1,162.4,30
USG05959,CUST0106,2024-08,14605.6,371.3,22
USG05960,CUST0464,2024-09,4360.2,183.9,21
USG05961,CUST0002,2024-10,4884.9,119.9,25
USG05962,CUST0061,2024-02,12838.2,32.1,30
USG05963,CUST0075,2024-12,8170.7,128.8,29
USG05964,CUST0307,2024-02,7677.6,83.4,19
USG05965,CUST0458,2024-11,3576.8,74.7,29
USG05966,CUST0061,2024-08,9494.0,302.3,24
USG05967,CUST0124,2024-03,27393.2,130.7,22
USG05968,CUST0027,2024-11,9238.1,43.2,28
USG05969,CUST0203,2024-11,10079.2,50.8,26
USG05970,CUST0109,2024-02,8891.0,111.5,36
USG05971,CUST0441,2024-01,6159.9,14.2,31
USG05972,CUST0287,2024-06,4082.1,247.7,25
USG05973,CUST0360,2024-01,4503.5,219.2,16
USG05974,CUST0492,2024-11,5122.5,161.1,33
USG05975,CUST0491,2024-01,13773.9,119.4,21
USG05976,CUST0041,2024-05,5511.3,146.9,17
USG05977,CUST0097,2024-05,10346.5,43.4,32
USG05978,CUST0407,2024-02,8209.9,190.8,30
USG05979,CUST0263,2024-07,13533.1,142.1,30
USG05980,CUST0109,2024-05,7181.2,132.1,37
USG05981,CUST0468,2024-08,9725.5,92.2,20
USG05982,CUST0034,2024-02,4222.7,180.1,16
USG05983,CUST0273,2024-04,13981.0,151.3,18
USG05984,CUST0202,2024-02,5900.4,118.7,39
USG05985,CUST0335,2024-01,15466.6,172.4,31
USG05986,CUST0229,2024-09,7439.9,59.8,27
USG05987,CUST0319,2024-10,15707.5,36.8,22
USG05988,CUST0335,2024-03,5181.8,254.5,23
USG05989,CUST0442,2024-05,2978.8,249.5,24
USG05990,CUST0144,2024-11,6027.7,62.8,24
USG05991,CUST0383,2024-11,7722.6,29.9,21
USG05992,CUST0061,2024-10,18358.8,264.6,17
USG05993,CUST0208,2024-08,10322.3,74.8,18
USG05994,CUST0043,2024-07,6728.8,53.5,18
USG05995,CUST0406,2024-06,15052.8,93.6,29
USG05996,CUST0243,2024-02,4242.1,68.1,28
USG05997,CUST0266,2024-10,22451.5,13.1,28
USG05998,CUST0372,2024-05,12256.5,72.6,17
USG05999,CUST0485,2024-10,13825.8,145.6,22
USG06000,CUST0229,2024-03,13492.9,77.0,31
